siteid,sitename,date,t1,t2,t3,t4,h3,h4,f1,f2
GUA046,EL MAESTRO,2020-08-30T01:03:09Z,10.5,25,23.5,21,40.1,47.3,21.31,29.53
GUA046,EL MAESTRO,2020-08-30T01:07:07Z,4,24,22.9,19.7,43.1,52.1,33.34,32.78
GUA046,EL MAESTRO,2020-08-30T01:11:17Z,12.7,25.1,23.5,20.8,40.1,47.7,21.37,21.3
GUA046,EL MAESTRO,2020-08-30T01:15:18Z,4.5,24.4,23,20,40.3,45.4,32.4,32.47
GUA046,EL MAESTRO,2020-08-30T01:19:19Z,3.2,23.6,23.1,20.3,38,45.4,21.27,21.56
GUA046,EL MAESTRO,2020-08-30T01:23:18Z,5.7,25,23.2,20.3,45.6,53.4,32.53,40.55
GUA046,EL MAESTRO,2020-08-30T01:27:30Z,6.5,24.4,23.4,20.6,39.6,47.3,21.23,29.48
GUA046,EL MAESTRO,2020-08-30T01:31:33Z,5.1,24.6,23.1,20,41.1,46.5,32.29,32.38
GUA046,EL MAESTRO,2020-08-30T01:35:38Z,3.4,23.6,23,20.2,38.8,46.1,21.12,21.09
GUA046,EL MAESTRO,2020-08-30T01:39:40Z,6.2,25.1,23.4,20.5,38.8,44,21.25,21.36
GUA046,EL MAESTRO,2020-08-30T01:43:41Z,2.2,22.9,22.7,19.7,38.5,45.5,22.88,30.67
GUA046,EL MAESTRO,2020-08-30T01:47:35Z,7.1,25.5,23.5,20.8,37.4,42.9,21.35,29.35
GUA046,EL MAESTRO,2020-08-30T01:51:38Z,2.8,23.5,22.6,19.6,38.3,45.4,21.24,21.46
GUA046,EL MAESTRO,2020-08-30T01:55:41Z,10.2,25.4,23.6,21,38.6,43.3,21.18,21.45
GUA046,EL MAESTRO,2020-08-30T01:59:41Z,2.6,23.1,22.5,19.5,38.8,45.9,21.23,21.32
GUA046,EL MAESTRO,2020-08-30T02:03:43Z,9.2,25.4,23.6,20.8,39.5,44.8,21.5,21.38
GUA046,EL MAESTRO,2020-08-30T02:07:39Z,2.5,22.9,22.6,19.5,39.3,46.5,22.86,38.93
GUA046,EL MAESTRO,2020-08-30T02:11:49Z,8.3,25.5,23.5,20.8,37.8,43.1,22.13,30.18
GUA046,EL MAESTRO,2020-08-30T02:15:53Z,2.3,22.9,22.4,19.2,38.3,45.4,32.93,32.83
GUA046,EL MAESTRO,2020-08-30T02:19:50Z,7.5,25.5,23.6,20.8,37.5,44.5,21.31,22.14
GUA046,EL MAESTRO,2020-08-30T02:23:53Z,3.9,24.3,22.9,20,40.8,47.9,32.52,32.52
GUA046,EL MAESTRO,2020-08-30T02:27:53Z,9.3,25.1,23.5,21,38.5,45.6,21.54,29.49
GUA046,EL MAESTRO,2020-08-30T02:31:56Z,4.8,24.7,23.1,20.2,39.7,44.6,32.69,40.7
GUA046,EL MAESTRO,2020-08-30T02:36:01Z,3,23.6,23,20.3,37.6,44.8,21.5,21.72
GUA046,EL MAESTRO,2020-08-30T02:40:09Z,5.9,25.2,23.3,20.5,38.5,43.1,21.44,21.52
GUA046,EL MAESTRO,2020-08-30T02:44:11Z,2.3,23.1,22.7,19.9,37.9,44.6,21.51,21.5
GUA046,EL MAESTRO,2020-08-30T02:48:15Z,7,25.5,23.5,20.9,44.4,49.5,32.69,32.78
GUA046,EL MAESTRO,2020-08-30T02:52:24Z,4.2,24,23.3,20.6,40,47.3,21.46,29.45
GUA046,EL MAESTRO,2020-08-30T02:56:21Z,6.4,25.2,23.4,20.7,40.4,45.3,21.4,21.51
GUA046,EL MAESTRO,2020-08-30T03:00:19Z,2.7,23.2,22.8,20,39.1,46.1,22.99,23.07
GUA046,EL MAESTRO,2020-08-30T03:04:24Z,6.7,25.4,23.5,20.7,38.7,43.8,21.49,21.5
GUA046,EL MAESTRO,2020-08-30T03:08:28Z,2.3,22.9,22.6,19.6,38.6,45.6,32.61,32.8
GUA046,EL MAESTRO,2020-08-30T03:12:24Z,7.4,25.6,23.6,20.9,37,43.5,21.46,29.49
GUA046,EL MAESTRO,2020-08-30T03:16:31Z,3.1,23.9,22.7,19.7,38.1,45,23.04,33.88
GUA046,EL MAESTRO,2020-08-30T03:20:26Z,10.8,25.3,23.6,21,38.1,43.3,21.39,21.48
GUA046,EL MAESTRO,2020-08-30T03:24:34Z,2.5,23.1,22.6,19.6,38.6,45.4,32.78,32.92
GUA046,EL MAESTRO,2020-08-30T03:28:32Z,7.6,25.6,23.6,21,37.4,44.2,21.43,21.41
GUA046,EL MAESTRO,2020-08-30T03:32:34Z,3.8,24.4,22.9,20.1,39.5,46.3,32.73,40.68
GUA046,EL MAESTRO,2020-08-30T03:36:38Z,8,25.2,23.6,21.1,37.1,44.3,21.45,29.48
GUA046,EL MAESTRO,2020-08-30T03:40:31Z,3.9,24.5,23,19.9,39.1,46.8,21.37,21.51
GUA046,EL MAESTRO,2020-08-30T03:44:33Z,10.7,25.4,23.5,21,39.8,44.7,21.31,21.4
GUA046,EL MAESTRO,2020-08-30T03:48:32Z,3.1,23.6,22.6,19.8,39.8,46.7,23.03,23.05
GUA046,EL MAESTRO,2020-08-30T03:52:30Z,10.5,25.5,23.6,21.1,39.2,43.8,21.45,21.49
GUA046,EL MAESTRO,2020-08-30T03:56:38Z,2.3,22.8,22.5,19.5,39,45.8,23.08,31.03
GUA046,EL MAESTRO,2020-08-30T04:00:35Z,7.3,25.5,23.5,21,39.5,44.2,22.1,21.41
GUA046,EL MAESTRO,2020-08-30T04:04:39Z,2.3,23,22.7,19.8,38.4,45.4,21.41,21.45
GUA046,EL MAESTRO,2020-08-30T04:08:45Z,6.6,25.3,23.4,20.7,43,47.8,32.57,32.66
GUA046,EL MAESTRO,2020-08-30T04:12:48Z,3.7,23.8,23.1,20.5,38.8,46.1,21.41,21.48
GUA046,EL MAESTRO,2020-08-30T04:16:57Z,5.5,25,23.2,20.4,42.3,47.9,32.66,40.68
GUA046,EL MAESTRO,2020-08-30T04:21:06Z,4.6,24.4,23.3,20.8,38.5,45.6,21.46,29.52
GUA046,EL MAESTRO,2020-08-30T04:25:11Z,5.5,25.1,23.2,20.4,42.6,48.8,32.61,32.76
GUA046,EL MAESTRO,2020-08-30T04:29:17Z,5.2,24.5,23.4,20.9,39.4,46.2,21.55,21.62
GUA046,EL MAESTRO,2020-08-30T04:33:21Z,6.4,25.4,23.5,20.9,37.9,42.9,21.61,21.65
GUA046,EL MAESTRO,2020-08-30T04:37:20Z,2.1,23,22.6,19.6,38.1,45,32.44,40.48
GUA046,EL MAESTRO,2020-08-30T04:41:17Z,7,25.6,23.6,20.9,36.1,41.9,21.46,29.53
GUA046,EL MAESTRO,2020-08-30T04:45:21Z,2.2,23.5,22.5,19.5,37.1,43.8,22.46,21.52
GUA046,EL MAESTRO,2020-08-30T04:49:20Z,7.2,25.6,23.5,21,42,46.4,21.47,21.54
GUA046,EL MAESTRO,2020-08-30T04:53:22Z,3.4,23.7,23.1,20.5,39.5,46.2,21.4,21.53
GUA046,EL MAESTRO,2020-08-30T04:57:31Z,6.9,25.5,23.5,21,38.5,43.2,21.48,22.31
GUA046,EL MAESTRO,2020-08-30T05:01:39Z,2.2,23,22.6,19.6,38.6,45.3,21.6,29.57
GUA046,EL MAESTRO,2020-08-30T05:05:38Z,7.4,25.6,23.5,21,42.9,47.3,32.71,32.88
GUA046,EL MAESTRO,2020-08-30T05:09:35Z,3.5,23.8,23.1,20.6,38.7,45.9,21.52,21.64
GUA046,EL MAESTRO,2020-08-30T05:13:41Z,5.3,25,23.2,20.4,41.9,49.8,23.14,23.26
GUA046,EL MAESTRO,2020-08-30T05:17:45Z,13,25.4,23.6,21.2,40.4,45.3,21.64,21.59
GUA046,EL MAESTRO,2020-08-30T05:21:48Z,3,23.4,22.6,19.8,40.5,47.1,21.75,29.64
GUA046,EL MAESTRO,2020-08-30T05:25:55Z,8.2,25.7,23.6,21.2,38.7,44.1,21.72,29.58
GUA046,EL MAESTRO,2020-08-30T05:30:00Z,2.9,23.8,22.7,19.9,39.3,45.9,32.88,32.98
GUA046,EL MAESTRO,2020-08-30T05:33:54Z,7.9,25.8,23.6,21.2,37.5,43.7,21.54,21.72
GUA046,EL MAESTRO,2020-08-30T05:37:56Z,3,23.9,22.7,19.8,38.4,44.9,32.72,32.96
GUA046,EL MAESTRO,2020-08-30T05:41:58Z,8.8,25.8,23.6,21.1,38.2,45.1,21.5,29.47
GUA046,EL MAESTRO,2020-08-30T05:46:01Z,3.7,24.4,22.9,20,39.2,46,32.93,40.9
GUA046,EL MAESTRO,2020-08-30T05:50:02Z,10.6,25.6,23.6,21.2,37.9,44.6,21.36,21.41
GUA046,EL MAESTRO,2020-08-30T05:53:59Z,3.4,24.2,22.8,19.9,38.6,45,21.73,21.56
GUA046,EL MAESTRO,2020-08-30T05:57:54Z,9.2,25.7,23.6,21.2,37.9,43.3,21.7,21.63
GUA046,EL MAESTRO,2020-08-30T06:01:54Z,2.9,23.8,22.7,19.9,38.5,44.9,21.42,29.58
GUA046,EL MAESTRO,2020-08-30T06:05:53Z,7.8,25.8,23.7,21.2,38,42.6,21.51,29.37
GUA046,EL MAESTRO,2020-08-30T06:09:51Z,2.1,23,22.6,19.7,38.1,44.7,21.77,21.75
GUA046,EL MAESTRO,2020-08-30T06:13:52Z,7.1,25.6,23.5,20.9,36.6,41.3,21.53,21.61
GUA046,EL MAESTRO,2020-08-30T06:17:51Z,1.8,23.1,22.6,19.7,37.1,43.6,21.46,21.62
GUA046,EL MAESTRO,2020-08-30T06:21:54Z,6.9,25.6,23.5,21,44.7,53,33.32,33.08
GUA046,EL MAESTRO,2020-08-30T06:25:55Z,12.6,25.4,23.6,21.3,39.5,46.3,21.59,29.52
GUA046,EL MAESTRO,2020-08-30T06:29:55Z,3.8,24.3,22.8,20,39.8,46.4,21.59,21.58
GUA046,EL MAESTRO,2020-08-30T06:33:51Z,8.9,25.8,23.7,21.3,39.8,44.2,21.49,21.6
GUA046,EL MAESTRO,2020-08-30T06:37:54Z,2.9,23.5,22.7,19.9,39.6,46.3,21.58,21.62
GUA046,EL MAESTRO,2020-08-30T06:41:55Z,8.1,25.8,23.7,21.2,44.5,49.2,33.06,33.16
GUA046,EL MAESTRO,2020-08-30T06:45:54Z,4.3,24,23.2,20.7,40.3,47.5,21.63,29.62
GUA046,EL MAESTRO,2020-08-30T06:49:55Z,6.4,25.2,23.4,20.7,46.5,55.2,33.27,41.18
GUA046,EL MAESTRO,2020-08-30T06:53:55Z,14.3,25.3,23.6,21.2,41.1,48,21.73,21.82
GUA046,EL MAESTRO,2020-08-30T06:57:53Z,4.2,24.1,22.8,19.9,41.3,48.3,21.77,21.82
GUA046,EL MAESTRO,2020-08-30T07:01:49Z,10.3,25.7,23.7,21.2,40.7,47,21.67,21.78
GUA046,EL MAESTRO,2020-08-30T07:05:53Z,4.1,24,22.8,19.9,41.2,48.5,31.71,40.28
GUA046,EL MAESTRO,2020-08-30T07:10:04Z,11.2,25.6,23.7,21.2,40.3,46.7,21.66,29.48
GUA046,EL MAESTRO,2020-08-30T07:13:58Z,4.1,24.1,22.9,20,40.8,49,58.5,31.61
GUA046,EL MAESTRO,2020-08-30T07:18:03Z,12.1,25.4,23.7,21.1,40.3,45.9,21.74,21.89
GUA046,EL MAESTRO,2020-08-30T07:22:02Z,3.7,23.6,22.7,19.7,40.5,47.5,34.06,33.58
GUA046,EL MAESTRO,2020-08-30T07:26:09Z,10.4,25.7,23.7,21.2,39,46.1,21.82,21.93
GUA046,EL MAESTRO,2020-08-30T07:30:06Z,5.2,24.8,23.1,20.3,41.2,46.8,34.66,41.61
GUA046,EL MAESTRO,2020-08-30T07:34:02Z,4.6,24.3,23.4,20.7,38.6,45.7,22.03,29.72
GUA046,EL MAESTRO,2020-08-30T07:38:03Z,6.4,25.2,23.4,20.5,43.7,49.8,33.94,33.88
GUA046,EL MAESTRO,2020-08-30T07:42:03Z,5.6,24.3,23.5,20.8,39.3,46.9,22.16,21.92
GUA046,EL MAESTRO,2020-08-30T07:46:06Z,6,24.9,23.3,20.3,40.6,45.8,34.3,33.72
GUA046,EL MAESTRO,2020-08-30T07:50:19Z,4,23.7,23.3,20.4,38.5,45.8,22.67,22.62
GUA046,EL MAESTRO,2020-08-30T07:54:20Z,7.1,25.4,23.5,20.7,44.8,50.5,33.83,41.47
GUA046,EL MAESTRO,2020-08-30T07:58:19Z,5.3,24.2,23.4,20.7,39.8,47.5,21.76,21.81
GUA046,EL MAESTRO,2020-08-30T08:02:23Z,6.3,25,23.3,20.3,40.3,45.4,33.37,30.97
GUA046,EL MAESTRO,2020-08-30T08:06:23Z,3.7,23.3,23,20,38.8,46.3,33.15,33.24
GUA046,EL MAESTRO,2020-08-30T08:10:26Z,7.8,25.5,23.5,20.6,37.8,44.2,22.42,22.49
GUA046,EL MAESTRO,2020-08-30T08:14:28Z,4.1,24,22.9,19.9,39.8,46.8,33.84,41.7
GUA046,EL MAESTRO,2020-08-30T08:18:30Z,5.9,24.7,23.6,20.8,37.8,45.2,22.58,29.8
GUA046,EL MAESTRO,2020-08-30T08:22:31Z,6.6,25.2,23.4,20.4,37.8,43.2,22.21,22.1
GUA046,EL MAESTRO,2020-08-30T08:26:32Z,3.2,23.1,22.8,19.7,37.3,44.6,23.36,23.92
GUA046,EL MAESTRO,2020-08-30T08:30:29Z,8,25.5,23.6,20.7,41.5,47,34.08,35.07
GUA046,EL MAESTRO,2020-08-30T08:34:28Z,4.4,23.6,23.1,20.2,39,46.5,33.98,33.89
GUA046,EL MAESTRO,2020-08-30T08:38:36Z,8,25.5,23.5,20.6,37.7,43.5,22.1,30.14
GUA046,EL MAESTRO,2020-08-30T08:42:36Z,3.7,23.3,22.7,19.5,39.3,47.3,34.69,42.46
GUA046,EL MAESTRO,2020-08-30T08:46:40Z,7.1,24.8,23.6,20.7,37.7,45.4,22.39,22.8
GUA046,EL MAESTRO,2020-08-30T08:50:47Z,6.6,25,23.3,20.1,42,48,34.75,36.26
GUA046,EL MAESTRO,2020-08-30T08:54:52Z,5.3,24,23.4,20.4,39,46.6,24.46,22.2
GUA046,EL MAESTRO,2020-08-30T08:58:47Z,8.3,25.5,23.6,20.6,39.2,45,23.62,23.84
GUA046,EL MAESTRO,2020-08-30T09:02:50Z,4.1,23.2,22.9,19.6,38.4,46.6,34.71,34.42
GUA046,EL MAESTRO,2020-08-30T09:06:50Z,11.2,25.4,23.7,20.6,37.5,44,22.81,31.26
GUA046,EL MAESTRO,2020-08-30T09:10:52Z,4.5,23.7,22.8,19.5,40.1,46.7,34.91,35.08
GUA046,EL MAESTRO,2020-08-30T09:15:00Z,5.6,24.2,23.3,20.3,37.7,45.6,22.94,22.85
GUA046,EL MAESTRO,2020-08-30T09:19:07Z,7.3,25,23.4,20,42.5,48.5,34.24,34.25
GUA046,EL MAESTRO,2020-08-30T09:23:12Z,5.5,23.9,23.3,20.2,38.8,46.9,22.39,21.98
GUA046,EL MAESTRO,2020-08-30T09:27:09Z,7.4,25,23.4,20.1,38.5,44.5,33.94,34.59
GUA046,EL MAESTRO,2020-08-30T09:31:04Z,4.2,23.2,22.9,19.7,37.9,45.8,35.18,43.02
GUA046,EL MAESTRO,2020-08-30T09:35:11Z,11.1,25.3,23.6,20.5,37.9,44.8,22.67,30.25
GUA046,EL MAESTRO,2020-08-30T09:39:12Z,5.1,23.7,22.9,19.5,39.4,45.4,34.59,35.03
GUA046,EL MAESTRO,2020-08-30T09:43:10Z,4.9,23.7,23.2,20.1,37.8,45.7,35.2,36.43
GUA046,EL MAESTRO,2020-08-30T09:47:10Z,8.2,25.2,23.5,20.3,37.4,43.8,21.89,22.04
GUA046,EL MAESTRO,2020-08-30T09:51:07Z,4,22.8,22.8,19.3,39,47,36.06,34.31
GUA046,EL MAESTRO,2020-08-30T09:55:12Z,6.7,24.6,23.5,20.4,36.9,44.2,23.36,30.72
GUA046,EL MAESTRO,2020-08-30T09:59:17Z,5,23.6,22.8,19.2,38.9,44.9,34.92,42.31
GUA046,EL MAESTRO,2020-08-30T10:03:17Z,4.9,23.7,23.3,20,37.5,45.7,35.68,35.6
GUA046,EL MAESTRO,2020-08-30T10:07:11Z,10.5,25.1,23.6,20.4,37.6,44.2,22.68,22.38
GUA046,EL MAESTRO,2020-08-30T10:11:15Z,4.1,22.8,22.7,19.2,39.8,49.1,34.24,34.72
GUA046,EL MAESTRO,2020-08-30T10:15:15Z,9.6,24.8,23.5,20.4,38,44.7,23.25,23.21
GUA046,EL MAESTRO,2020-08-30T10:19:09Z,4.2,22.6,22.6,19.1,39.8,48,34.16,34.76
GUA046,EL MAESTRO,2020-08-30T10:23:03Z,6.6,24.3,23.4,20.2,37.7,45.4,22.55,23.06
GUA046,EL MAESTRO,2020-08-30T10:27:10Z,5.7,24,22.9,19.5,38.5,45,34,42.3
GUA046,EL MAESTRO,2020-08-30T10:31:15Z,4.6,23.2,23,19.7,37.5,46,35.04,35.18
GUA046,EL MAESTRO,2020-08-30T10:35:20Z,8.1,24.9,23.4,20,38.3,45,36.23,35.89
GUA046,EL MAESTRO,2020-08-30T10:39:25Z,4.3,22.8,22.8,19.4,38.8,48.3,35.02,34.76
GUA046,EL MAESTRO,2020-08-30T10:43:24Z,10.1,24.7,23.5,20.2,37.6,44.2,22.73,22.77
GUA046,EL MAESTRO,2020-08-30T10:47:18Z,4.3,22.9,22.6,19,39.3,45.9,35.04,35.14
GUA046,EL MAESTRO,2020-08-30T10:51:21Z,4.9,23.5,23.1,19.8,37.3,45.8,35.72,36.05
GUA046,EL MAESTRO,2020-08-30T10:55:26Z,7.1,24.8,23.4,19.9,37.6,44.6,34.32,33.65
GUA046,EL MAESTRO,2020-08-30T10:59:26Z,4.1,22.7,22.8,19.2,38.6,47.4,34.57,42.68
GUA046,EL MAESTRO,2020-08-30T11:03:34Z,6.7,24.1,23.4,20,36.8,44.1,22.87,22.76
GUA046,EL MAESTRO,2020-08-30T11:07:36Z,4.3,23,22.6,18.8,38.8,45.7,34.24,34.59
GUA046,EL MAESTRO,2020-08-30T11:11:44Z,5,23.3,23.1,19.7,37.4,46,34.51,34.88
GUA046,EL MAESTRO,2020-08-30T11:15:47Z,8.6,24.8,23.4,19.9,37.4,44.1,35.47,36.04
GUA046,EL MAESTRO,2020-08-30T11:19:45Z,4,22.6,22.7,19.1,37.1,46.2,35.48,35.44
GUA046,EL MAESTRO,2020-08-30T11:23:48Z,10.5,24.5,23.4,20,38.1,45.2,34.91,34.8
GUA046,EL MAESTRO,2020-08-30T11:27:46Z,4.4,22.6,22.7,19.2,37.4,46.3,34.97,43.29
GUA046,EL MAESTRO,2020-08-30T11:31:45Z,9.5,24.6,23.4,19.8,38.2,45.3,23.53,22.78
GUA046,EL MAESTRO,2020-08-30T11:35:47Z,4.5,22.7,22.8,19.2,39.7,47.4,35.39,35.12
GUA046,EL MAESTRO,2020-08-30T11:39:50Z,6.1,23.7,23.4,20,37.3,44.5,22.17,22.3
GUA046,EL MAESTRO,2020-08-30T11:43:44Z,4.2,22.4,22.6,18.9,38.8,46.6,34.93,34.78
GUA046,EL MAESTRO,2020-08-30T11:47:43Z,5.6,23.5,23.3,19.8,37.2,44.3,22.22,22.45
GUA046,EL MAESTRO,2020-08-30T11:51:43Z,4.6,22.6,22.6,18.8,38.8,46.2,35.87,34.9
GUA046,EL MAESTRO,2020-08-30T11:55:46Z,5.3,23.1,23.2,19.6,37.3,45.2,22.41,22.34
GUA046,EL MAESTRO,2020-08-30T11:59:47Z,5,23.1,22.7,19,38,45,35.99,43.33
GUA046,EL MAESTRO,2020-08-30T12:03:43Z,4.8,22.9,23,19.5,37.1,45.6,22.11,30.1
GUA046,EL MAESTRO,2020-08-30T12:07:38Z,5.7,23.3,22.8,19,39.8,46.8,34.76,34.86
GUA046,EL MAESTRO,2020-08-30T12:11:31Z,5.4,23,23.1,19.6,37.5,45.2,22.89,23.15
GUA046,EL MAESTRO,2020-08-30T12:15:35Z,4.8,22.5,22.6,18.7,38.5,45.8,34.85,34.71
GUA046,EL MAESTRO,2020-08-30T12:19:36Z,5.1,22.9,23,19.5,37.1,45.5,22.97,22.96
GUA046,EL MAESTRO,2020-08-30T12:23:35Z,5.4,23.3,22.9,19,40.2,47.4,34.5,34.59
GUA046,EL MAESTRO,2020-08-30T12:27:29Z,5.1,23.1,23.2,19.7,37.5,45.2,22.99,23.55
GUA046,EL MAESTRO,2020-08-30T12:31:33Z,4,22.2,22.5,18.8,41.1,51.9,34.87,42.63
GUA046,EL MAESTRO,2020-08-30T12:35:29Z,9.4,23.8,23.4,20,38.5,45.8,35.44,43.18
GUA046,EL MAESTRO,2020-08-30T12:39:37Z,4.3,22.4,22.7,19,38.7,48.9,35.97,36.62
GUA046,EL MAESTRO,2020-08-30T12:43:42Z,7.9,23.8,23.4,19.8,37,44.6,22.75,22.71
GUA046,EL MAESTRO,2020-08-30T12:47:45Z,3.6,22.1,22.6,18.7,38.3,45.7,35.28,34.85
GUA046,EL MAESTRO,2020-08-30T12:51:49Z,4.5,23,23,19.4,36.3,44.3,23.25,22.46
GUA046,EL MAESTRO,2020-08-30T12:55:42Z,4.1,22.7,22.5,18.7,37.9,45,34.88,34.69
GUA046,EL MAESTRO,2020-08-30T12:59:45Z,4,22.7,22.9,19.3,36.1,44,22.86,22.04
GUA046,EL MAESTRO,2020-08-30T13:03:44Z,3.9,22.5,22.4,18.5,39.1,46.5,34.5,42.95
GUA046,EL MAESTRO,2020-08-30T13:07:48Z,4.5,22.9,22.9,19.4,36.9,45.4,22.57,30.82
GUA046,EL MAESTRO,2020-08-30T13:11:46Z,4.7,23,22.6,18.7,37.8,44.9,34.22,34.15
GUA046,EL MAESTRO,2020-08-30T13:15:56Z,4,22.4,22.7,19.1,36.6,45.5,34.34,34.5
GUA046,EL MAESTRO,2020-08-30T13:19:53Z,7.4,24.2,23.2,19.4,37.5,44.9,34.23,34.24
GUA046,EL MAESTRO,2020-08-30T13:23:48Z,4,22.3,22.7,18.9,36.7,45.7,35.19,35.71
GUA046,EL MAESTRO,2020-08-30T13:28:01Z,6.3,24,23.1,19.3,37.7,45.1,34.12,34.2
GUA046,EL MAESTRO,2020-08-30T13:32:11Z,4.2,22.3,22.7,19,37.1,46.2,34.48,35.08
GUA046,EL MAESTRO,2020-08-30T13:36:14Z,7.6,24.1,23.3,19.4,37.3,44.6,34.31,42.68
GUA046,EL MAESTRO,2020-08-30T13:40:14Z,4.1,22.3,22.8,19,36.6,44.8,21.98,21.74
GUA046,EL MAESTRO,2020-08-30T13:44:24Z,4.8,22.6,22.6,18.6,38.3,45.8,35.76,35.67
GUA046,EL MAESTRO,2020-08-30T13:48:26Z,4.9,22.7,23,19.3,36.9,45.4,34.46,34.74
GUA046,EL MAESTRO,2020-08-30T13:52:29Z,4.2,22,22.6,18.5,38.8,48.5,34.38,35.05
GUA046,EL MAESTRO,2020-08-30T13:56:32Z,6.6,23.3,23.4,19.6,37,44.9,34.22,34.3
GUA046,EL MAESTRO,2020-08-30T14:00:36Z,4.2,22.1,22.7,18.8,36.4,44.8,21.87,21.86
GUA046,EL MAESTRO,2020-08-30T14:04:46Z,4.3,22,22.5,18.2,38,45.9,35.7,34.84
GUA046,EL MAESTRO,2020-08-30T14:08:52Z,4.9,22.6,23,19.1,36.7,45,22.26,22.11
GUA046,EL MAESTRO,2020-08-30T14:12:51Z,4.2,21.9,22.6,18.5,38.5,46.8,35.88,42.2
GUA046,EL MAESTRO,2020-08-30T14:16:52Z,5.2,23,23.2,19.3,36.5,45,34.25,42.25
GUA046,EL MAESTRO,2020-08-30T14:20:51Z,4.1,22,22.7,18.6,35.7,44.7,34.13,34.26
GUA046,EL MAESTRO,2020-08-30T14:24:52Z,3.7,21.7,22.5,18.1,36.6,47.3,34.43,34.84
GUA046,EL MAESTRO,2020-08-30T14:28:57Z,10.9,23.7,23.4,19.4,37.6,45.6,34.06,34.52
GUA046,EL MAESTRO,2020-08-30T14:32:49Z,4.4,22.4,22.9,19,36.1,44.7,34.59,34.81
GUA046,EL MAESTRO,2020-08-30T14:36:51Z,3.9,21.9,22.6,18.4,35.8,45.1,21.88,21.77
GUA046,EL MAESTRO,2020-08-30T14:40:53Z,5,22.9,22.7,18.6,36.7,44.5,34.53,34.99
GUA046,EL MAESTRO,2020-08-30T14:44:59Z,4.2,22.5,23,19.1,35.6,44.1,34.32,34.62
GUA046,EL MAESTRO,2020-08-30T14:49:05Z,3.8,21.8,22.6,18.4,35.4,45.2,35.15,34.71
GUA046,EL MAESTRO,2020-08-30T14:53:08Z,7.5,23.7,23.2,19,35.8,43.9,34.97,42.22
GUA046,EL MAESTRO,2020-08-30T14:57:15Z,3.8,22.1,22.8,18.7,35.2,44.1,34.21,34.76
GUA046,EL MAESTRO,2020-08-30T15:01:16Z,3.6,21.7,22.5,18.2,35.1,44.2,22.37,21.9
GUA046,EL MAESTRO,2020-08-30T15:05:14Z,3.8,21.8,22.4,18,36.3,44.6,34.6,33.99
GUA046,EL MAESTRO,2020-08-30T15:09:22Z,4,22.3,22.9,19,35.2,43.8,35.37,34.52
GUA046,EL MAESTRO,2020-08-30T15:13:22Z,3.5,21.8,22.5,18.2,35,44.7,57.95,33.94
GUA046,EL MAESTRO,2020-08-30T15:17:24Z,5,23,22.8,18.6,35.8,44.1,34.78,34.91
GUA046,EL MAESTRO,2020-08-30T15:21:26Z,3.9,22.2,22.8,18.8,34.9,43.7,34.69,35.07
GUA046,EL MAESTRO,2020-08-30T15:25:29Z,3.5,21.7,22.5,18.2,34.8,44,23.25,22.93
GUA046,EL MAESTRO,2020-08-30T15:29:33Z,4.1,22.1,22.5,18,36,44.2,34.68,42.83
GUA046,EL MAESTRO,2020-08-30T15:33:36Z,4,22.3,22.9,19,34.8,43.6,34.54,34.82
GUA046,EL MAESTRO,2020-08-30T15:37:39Z,3.4,21.7,22.5,18.3,34.6,43.6,34.05,34
GUA046,EL MAESTRO,2020-08-30T15:41:42Z,3.3,21.4,22.4,18,36.8,45.7,34.1,33.96
GUA046,EL MAESTRO,2020-08-30T15:45:42Z,4.8,22.7,23.2,19.2,34.9,43.3,34.4,34.42
GUA046,EL MAESTRO,2020-08-30T15:49:42Z,3.4,21.8,22.6,18.5,34.5,43.4,22.25,22.42
GUA046,EL MAESTRO,2020-08-30T15:53:43Z,3.2,21.5,22.4,18,38.9,47.8,34.84,35.02
GUA046,EL MAESTRO,2020-08-30T15:57:40Z,5.1,22.8,23.2,19.3,35.7,44,33.85,34.34
GUA046,EL MAESTRO,2020-08-30T16:01:38Z,3.5,21.9,22.6,18.5,34.7,43.6,35.36,43.35
GUA046,EL MAESTRO,2020-08-30T16:05:38Z,3.2,21.5,22.4,18.1,35.1,45.5,34.23,42.75
GUA046,EL MAESTRO,2020-08-30T16:09:37Z,6.9,23.3,23.2,19.3,35,43.3,34.61,35.26
GUA046,EL MAESTRO,2020-08-30T16:13:38Z,3.3,21.9,22.6,18.5,34.3,43.2,34.33,34.14
GUA046,EL MAESTRO,2020-08-30T16:17:45Z,3,21.5,22.4,18,34,43.8,33.42,34.65
GUA046,EL MAESTRO,2020-08-30T16:21:39Z,5.2,23.3,22.9,18.7,35,43.1,34.42,34.62
GUA046,EL MAESTRO,2020-08-30T16:25:45Z,3.3,22.1,22.7,18.7,34.2,42.9,34.44,34.97
GUA046,EL MAESTRO,2020-08-30T16:29:52Z,2.9,21.4,22.3,18,35.5,44.7,33.98,34.06
GUA046,EL MAESTRO,2020-08-30T16:33:53Z,5,23,23.1,19.2,34.3,42.4,34.4,42.39
GUA046,EL MAESTRO,2020-08-30T16:37:50Z,2.9,21.7,22.4,18.3,34.1,43.5,35.05,43.1
GUA046,EL MAESTRO,2020-08-30T16:41:56Z,5.6,23.5,22.9,18.9,34.7,42.7,34.45,34.63
GUA046,EL MAESTRO,2020-08-30T16:45:56Z,3.1,21.8,22.5,18.5,34.9,45.3,33.82,34.24
GUA046,EL MAESTRO,2020-08-30T16:49:57Z,7,23.2,23.1,19.2,34.8,42.9,33.6,33.95
GUA046,EL MAESTRO,2020-08-30T16:53:56Z,3,21.8,22.5,18.4,34.1,43.4,34.73,34.86
GUA046,EL MAESTRO,2020-08-30T16:57:55Z,7.2,23.7,23.1,19.2,34.6,42.4,34.06,34.39
GUA046,EL MAESTRO,2020-08-30T17:01:58Z,2.9,21.9,22.4,18.5,34,43,22.08,22.27
GUA046,EL MAESTRO,2020-08-30T17:05:54Z,3.8,22.5,22.4,18.3,35.8,43.2,34.02,42.04
GUA046,EL MAESTRO,2020-08-30T17:09:59Z,3.4,22.4,22.8,19.1,34.6,42.7,22.41,22.51
GUA046,EL MAESTRO,2020-08-30T17:14:00Z,2.6,21.4,22.1,17.9,38.7,47.8,35.11,35.3
GUA046,EL MAESTRO,2020-08-30T17:17:57Z,5.4,23,23.1,19.4,35.8,43.6,34.69,34.87
GUA046,EL MAESTRO,2020-08-30T17:21:53Z,2.9,21.7,22.3,18.3,35.4,45.3,35.88,36.82
GUA046,EL MAESTRO,2020-08-30T17:25:58Z,6.9,23.6,23.1,19.3,34.9,42.5,33.56,34.4
GUA046,EL MAESTRO,2020-08-30T17:30:05Z,2.6,21.7,22.3,18.4,35.9,45.4,34.52,34.6
GUA046,EL MAESTRO,2020-08-30T17:34:05Z,5.5,23.3,23.1,19.4,34.6,42.5,33.75,41.65
GUA046,EL MAESTRO,2020-08-30T17:38:06Z,2.5,21.7,22.2,18.3,36.5,47.5,34.38,34.67
GUA046,EL MAESTRO,2020-08-30T17:42:09Z,10.8,23.7,23.1,19.5,36,43.6,34.36,34.65
GUA046,EL MAESTRO,2020-08-30T17:46:12Z,2.8,21.8,22.4,18.5,35.3,44.9,36.59,34.28
GUA046,EL MAESTRO,2020-08-30T17:50:11Z,7.7,23.7,23.1,19.5,35.2,42.8,21.97,22.18
GUA046,EL MAESTRO,2020-08-30T17:54:14Z,2.5,21.7,22.3,18.4,36.7,44.7,34.42,34.46
GUA046,EL MAESTRO,2020-08-30T17:58:19Z,4.2,23.1,23,19.5,34.9,42.6,22.07,22.34
GUA046,EL MAESTRO,2020-08-30T18:02:26Z,3.3,22.6,22.3,18.4,36.3,43.2,34.1,42.25
GUA046,EL MAESTRO,2020-08-30T18:06:31Z,3,22.4,22.7,19,35.3,43.9,35.01,35.11
GUA046,EL MAESTRO,2020-08-30T18:10:31Z,7,24.3,23.1,19.5,35.5,42.6,24.29,24.35
GUA046,EL MAESTRO,2020-08-30T18:14:30Z,2.5,22,22.4,18.6,37,45.6,33.62,33.87
GUA046,EL MAESTRO,2020-08-30T18:18:30Z,5.3,23.6,23.2,19.7,35.4,42.9,21.97,22.03
GUA046,EL MAESTRO,2020-08-30T18:22:32Z,2.3,21.7,22.2,18.3,36.8,44.4,33.77,33.88
GUA046,EL MAESTRO,2020-08-30T18:26:30Z,3.8,22.9,23,19.5,35.3,43.4,23.49,31.36
GUA046,EL MAESTRO,2020-08-30T18:30:34Z,3.7,23.1,22.5,18.7,36.5,43.1,34.34,41.88
GUA046,EL MAESTRO,2020-08-30T18:34:33Z,2.8,22.4,22.6,19.1,35.6,44,34.97,35.01
GUA046,EL MAESTRO,2020-08-30T18:38:34Z,5.6,24.2,23,19.5,36,42.8,22.59,22.69
GUA046,EL MAESTRO,2020-08-30T18:42:41Z,2.4,22.1,22.3,18.7,37.6,44.7,34.41,35.79
GUA046,EL MAESTRO,2020-08-30T18:46:45Z,4.1,23.3,23.1,19.7,35.8,44.1,22.46,22.51
GUA046,EL MAESTRO,2020-08-30T18:50:48Z,4.2,23.5,22.7,18.9,37.9,44.6,33.96,41.86
GUA046,EL MAESTRO,2020-08-30T18:54:51Z,3,22.5,22.7,19.2,36.2,44.6,33.95,41.78
GUA046,EL MAESTRO,2020-08-30T18:58:58Z,7.6,24.4,23.2,19.7,37.1,43.7,22.19,22.31
GUA046,EL MAESTRO,2020-08-30T19:03:00Z,2.5,22.1,22.4,18.8,37.3,46.5,34.22,34.28
GUA046,EL MAESTRO,2020-08-30T19:07:06Z,7.2,24,23.3,19.9,35.8,42.6,23.38,23.39
GUA046,EL MAESTRO,2020-08-30T19:11:14Z,2.5,22.2,22.3,18.6,38.1,44.8,34.75,34.93
GUA046,EL MAESTRO,2020-08-30T19:15:19Z,3.7,23.1,22.9,19.6,35.8,44.2,23.15,31.04
GUA046,EL MAESTRO,2020-08-30T19:19:22Z,4.8,24,22.9,19.4,37.6,43.8,34.32,42.24
GUA046,EL MAESTRO,2020-08-30T19:23:24Z,2.8,22.6,22.7,19.3,36,44,34.26,34.29
GUA046,EL MAESTRO,2020-08-30T19:27:28Z,5.8,24.6,23.2,19.9,35.5,42,23.26,23.23
GUA046,EL MAESTRO,2020-08-30T19:31:31Z,2.2,22.1,22.3,18.7,38.5,46.1,34.92,35.25
GUA046,EL MAESTRO,2020-08-30T19:35:33Z,4.7,23.6,23.1,19.9,35.8,43.8,22.48,22.51
GUA046,EL MAESTRO,2020-08-30T19:39:34Z,4.2,23.8,22.8,19.2,36.7,42.9,33.73,41.76
GUA046,EL MAESTRO,2020-08-30T19:43:33Z,2.5,22.6,22.6,19.4,35.5,43.4,32.43,40.44
GUA046,EL MAESTRO,2020-08-30T19:47:35Z,5.6,24.5,23.1,19.8,35.7,42.1,22.48,22.7
GUA046,EL MAESTRO,2020-08-30T19:51:37Z,2.3,22.2,22.4,18.8,37.6,44.8,33.6,33.66
GUA046,EL MAESTRO,2020-08-30T19:55:42Z,4.3,23.6,23.2,20,35.4,43.4,22.55,22.62
GUA046,EL MAESTRO,2020-08-30T19:59:43Z,4.1,23.9,22.9,19.3,35.9,42.1,22.24,22.32
GUA046,EL MAESTRO,2020-08-30T20:03:44Z,2.2,22.4,22.6,19.2,36.3,44.8,33.5,41.46
GUA046,EL MAESTRO,2020-08-30T20:07:45Z,9.4,24.6,23.4,20.2,35.8,42.7,22.28,30.33
GUA046,EL MAESTRO,2020-08-30T20:11:40Z,3,23,22.5,18.9,37,43.2,33.56,33.67
GUA046,EL MAESTRO,2020-08-30T20:15:36Z,3,23.2,22.9,19.7,35.2,43,21.81,21.94
GUA046,EL MAESTRO,2020-08-30T20:19:39Z,4.1,23.9,22.7,19.3,36.5,42.5,33.43,33.43
GUA046,EL MAESTRO,2020-08-30T20:23:37Z,2.4,22.6,22.6,19.3,35.6,43.4,22.22,22.34
GUA046,EL MAESTRO,2020-08-30T20:27:42Z,6.7,24.8,23.3,20,37.3,43.2,21.93,30.32
GUA046,EL MAESTRO,2020-08-30T20:31:38Z,2.3,22.4,22.5,19.1,36.3,44,24.3,32.41
GUA046,EL MAESTRO,2020-08-30T20:35:34Z,7.8,24.9,23.4,20.2,37.6,43.7,23.09,23.32
GUA046,EL MAESTRO,2020-08-30T20:39:34Z,2.3,22.4,22.5,19.1,36.8,44.8,33.95,34.09
GUA046,EL MAESTRO,2020-08-30T20:43:30Z,8.9,24.9,23.4,20.3,36.4,42.6,21.9,22.03
GUA046,EL MAESTRO,2020-08-30T20:47:28Z,2,22.1,22.3,18.8,36.9,45.6,34.81,33.68
GUA046,EL MAESTRO,2020-08-30T20:51:33Z,10.2,24.6,23.3,20.3,36.5,42.5,21.75,29.95
GUA046,EL MAESTRO,2020-08-30T20:55:33Z,2.1,22.3,22.3,18.8,37.6,45.6,34.02,42.09
GUA046,EL MAESTRO,2020-08-30T20:59:37Z,5.5,24.1,23.3,20.2,35.9,43.7,22.4,21.92
GUA046,EL MAESTRO,2020-08-30T21:03:39Z,4.6,24.3,23,19.7,36,41.9,22.56,22.49
GUA046,EL MAESTRO,2020-08-30T21:07:40Z,2.1,22.5,22.5,19.2,36.1,44.1,33.38,33.77
GUA046,EL MAESTRO,2020-08-30T21:11:39Z,9.5,24.7,23.4,20.4,36.8,42.8,22.66,22.39
GUA046,EL MAESTRO,2020-08-30T21:15:38Z,2.3,22.4,22.4,19,37.4,45.2,33.45,41.45
GUA046,EL MAESTRO,2020-08-30T21:19:35Z,5.5,24.3,23.3,20.3,35.5,43,21.86,21.9
GUA046,EL MAESTRO,2020-08-30T21:23:34Z,3.5,23.7,22.6,19.2,36.9,42.8,33.78,33.93
GUA046,EL MAESTRO,2020-08-30T21:27:39Z,3,23.3,23,19.9,35.3,43.1,22.2,22.29
GUA046,EL MAESTRO,2020-08-30T21:31:36Z,5.2,24.6,23.1,19.9,35.5,41.4,21.73,22.32
GUA046,EL MAESTRO,2020-08-30T21:35:37Z,2,22.4,22.5,19.1,35.9,43.7,33.55,33.63
GUA046,EL MAESTRO,2020-08-30T21:39:43Z,9.3,24.8,23.4,20.4,36,42.5,21.71,29.8
GUA046,EL MAESTRO,2020-08-30T21:43:40Z,3,23.2,22.5,19.2,37.6,43.5,33.97,34.1
GUA046,EL MAESTRO,2020-08-30T21:47:39Z,3.2,23.3,23,19.9,35.5,43.3,21.82,21.91
GUA046,EL MAESTRO,2020-08-30T21:51:46Z,4.7,24.4,23,19.7,37.6,43.2,33.82,33.93
GUA046,EL MAESTRO,2020-08-30T21:55:41Z,2.6,22.8,22.8,19.6,35.9,43.6,21.8,21.89
GUA046,EL MAESTRO,2020-08-30T21:59:49Z,5.6,24.7,23.2,20,36.1,41.8,22.2,30.52
GUA046,EL MAESTRO,2020-08-30T22:03:46Z,2,22.4,22.6,19.3,35.6,43.1,37.73,45.38
GUA046,EL MAESTRO,2020-08-30T22:07:50Z,6.4,25,23.4,20.3,35.2,41.2,23.27,22.65
GUA046,EL MAESTRO,2020-08-30T22:11:51Z,2.5,23,22.4,19.1,37.3,44.5,34.69,34.78
GUA046,EL MAESTRO,2020-08-30T22:15:58Z,11.1,25,23.5,20.6,36.3,43.6,22.74,22.86
GUA046,EL MAESTRO,2020-08-30T22:19:59Z,3.3,23.6,22.7,19.3,37.3,42.9,33.99,34.37
GUA046,EL MAESTRO,2020-08-30T22:24:04Z,2.9,23.4,23,19.9,35.5,43.2,22.07,29.99
GUA046,EL MAESTRO,2020-08-30T22:28:01Z,5.4,24.7,23.2,20,40.5,46.3,33.65,41.68
GUA046,EL MAESTRO,2020-08-30T22:31:54Z,3.6,23.5,23.1,20.1,36.9,44.7,21.97,21.9
GUA046,EL MAESTRO,2020-08-30T22:35:55Z,5.1,24.5,23.1,19.8,39.8,45.4,34.13,34.29
GUA046,EL MAESTRO,2020-08-30T22:39:57Z,3.2,23.2,23,20,36.9,44.6,22.2,22.28
GUA046,EL MAESTRO,2020-08-30T22:43:56Z,5.6,24.8,23.2,20.1,37.3,42.7,21.81,22.44
GUA046,EL MAESTRO,2020-08-30T22:47:56Z,2.3,22.7,22.6,19.4,37.6,45.7,33.57,41.54
GUA046,EL MAESTRO,2020-08-30T22:52:01Z,9.5,25.1,23.4,20.6,36.5,43.3,22.55,22.64
GUA046,EL MAESTRO,2020-08-30T22:56:00Z,3.2,23.6,22.6,19.4,39.8,48.1,34.26,34.39
GUA046,EL MAESTRO,2020-08-30T23:00:03Z,6.9,24.4,23.4,20.6,36.5,44,21.76,21.84
GUA046,EL MAESTRO,2020-08-30T23:04:14Z,3.6,23.7,22.7,19.3,40.3,48.5,33.32,33.97
GUA046,EL MAESTRO,2020-08-30T23:08:14Z,6.9,24.4,23.5,20.6,37,44.4,21.71,29.81
GUA046,EL MAESTRO,2020-08-30T23:12:16Z,4.2,24.2,22.9,19.7,40.9,47.5,35.11,41.14
GUA046,EL MAESTRO,2020-08-30T23:16:19Z,4.6,23.9,23.3,20.4,37.3,45.1,22.39,22.49
GUA046,EL MAESTRO,2020-08-30T23:20:22Z,5.4,24.7,23.2,20,37.9,43.3,25.88,25.97
GUA046,EL MAESTRO,2020-08-30T23:24:29Z,2.4,22.9,22.7,19.6,36.8,44.1,33.3,33.38
GUA046,EL MAESTRO,2020-08-30T23:28:36Z,6.6,25.2,23.4,20.5,36.5,43.5,21.7,21.78
GUA046,EL MAESTRO,2020-08-30T23:32:39Z,3.8,24.1,22.8,19.7,40.3,47.2,33.78,41.78
GUA046,EL MAESTRO,2020-08-30T23:36:39Z,5,24.2,23.4,20.5,36.9,44.5,21.8,29.76
GUA046,EL MAESTRO,2020-08-30T23:40:40Z,5.2,24.8,23.2,20.1,35.9,41.7,22.48,22.11
GUA046,EL MAESTRO,2020-08-30T23:44:41Z,2.2,22.7,22.5,19.3,36.9,44.8,33.49,33.61
GUA046,EL MAESTRO,2020-08-30T23:48:40Z,7.1,24.7,23.5,20.5,35.7,43.4,21.69,21.8
GUA046,EL MAESTRO,2020-08-30T23:52:40Z,3.5,23.8,22.7,19.3,37.8,43.9,33.08,41.03
GUA046,EL MAESTRO,2020-08-30T23:56:49Z,3.5,23.7,23.1,20.2,35.7,43.2,21.63,30.33
GUA046,EL MAESTRO,2020-08-31T00:00:57Z,5.2,24.8,23.2,20.1,37.7,44.9,-1,-1
GUA046,EL MAESTRO,2020-08-31T00:05:03Z,11.4,26,24,21.4,38.7,44.4,-1,-1
GUA046,EL MAESTRO,2020-08-31T00:09:08Z,14.2,27.1,24.6,22.7,39.2,44.2,-1,-1
GUA046,EL MAESTRO,2020-08-31T00:13:15Z,15.5,27.9,25.1,23.6,39.8,44.5,-1,-1
GUA046,EL MAESTRO,2020-08-31T00:17:26Z,16.2,28.4,25.5,24.1,40.8,45,-1,-1
GUA046,EL MAESTRO,2020-08-31T00:21:29Z,16.7,28.8,25.7,24.6,41.4,45.3,-1,-1
GUA046,EL MAESTRO,2020-08-31T00:25:36Z,17.1,29.2,25.9,24.9,42.3,45.9,-1,-1
GUA046,EL MAESTRO,2020-08-31T00:29:49Z,17.4,29.5,26.1,25.2,42.9,46.5,-1,-1
GUA046,EL MAESTRO,2020-08-31T00:34:02Z,17.7,29.8,26.3,25.5,43.6,47.2,-1,-1
GUA046,EL MAESTRO,2020-08-31T00:38:07Z,18,29.9,26.5,25.7,44.2,47.7,-1,-1
GUA046,EL MAESTRO,2020-08-31T00:42:13Z,18.2,30.2,26.8,25.9,44.8,48.2,-1,-1
GUA046,EL MAESTRO,2020-08-31T00:46:24Z,18.4,30.4,26.9,26.1,45.3,48.9,-1,-1
GUA046,EL MAESTRO,2020-08-31T00:50:31Z,18.5,30.5,27,26.3,45.7,49.3,-1,-1
GUA046,EL MAESTRO,2020-08-31T00:54:42Z,18.7,30.7,27.2,26.5,46.1,49.8,-1,-1
GUA046,EL MAESTRO,2020-08-31T00:58:45Z,18.9,30.8,27.4,26.6,46.2,50.2,-1,-1
GUA046,EL MAESTRO,2020-08-31T01:02:50Z,19,31,27.6,26.7,46.7,50.6,-1,-1
GUA046,EL MAESTRO,2020-08-31T01:07:08Z,19.1,31.1,27.8,26.9,47,50.9,-1,-1
GUA046,EL MAESTRO,2020-08-31T01:11:22Z,19.2,31.2,27.9,27.1,42.7,45.4,60.47,68.52
GUA046,EL MAESTRO,2020-08-31T01:15:26Z,7.4,28.9,25.8,25.8,45,38.7,47.65,54.97
GUA046,EL MAESTRO,2020-08-31T01:19:36Z,2.1,23.6,21.5,21.1,45.2,51,45.12,53.06
GUA046,EL MAESTRO,2020-08-31T01:23:35Z,4.9,24.6,22.8,20.5,39.5,44.8,45.74,53.65
GUA046,EL MAESTRO,2020-08-31T01:27:36Z,2.2,22.5,22.7,19.5,37.3,45.4,32.59,32.73
GUA046,EL MAESTRO,2020-08-31T01:31:43Z,5.7,24.5,23.3,20.1,37.7,43.4,43.49,43.56
GUA046,EL MAESTRO,2020-08-31T01:35:41Z,1.8,22.3,22.6,19.2,36.6,44.5,43.32,43.45
GUA046,EL MAESTRO,2020-08-31T01:39:43Z,6.5,24.7,23.4,20.1,35.1,41.4,31.92,39.89
GUA046,EL MAESTRO,2020-08-31T01:43:49Z,1.2,21.8,22.3,18.6,35.6,43.3,44.46,52.29
GUA046,EL MAESTRO,2020-08-31T01:47:58Z,6.9,24.7,23.4,20.3,35.3,42.9,34.04,34.16
GUA046,EL MAESTRO,2020-08-31T01:52:07Z,3.8,24.2,22.9,19.7,44.4,53.8,44.59,44.62
GUA046,EL MAESTRO,2020-08-31T01:56:12Z,7.6,24.1,23.4,20.5,38,45.8,32.61,32.68
