siteid,sitename,date,t1,t2,t3,t4,h3,h4,f1,f2,truth
GUA029,PARROQUIA,2020-07-26T16:01:43Z,17.6,23.6,23.7,25,69.5,85.6,35.39,34.21,1
GUA029,PARROQUIA,2020-07-26T16:04:56Z,16.4,23.3,23.7,24.9,69.3,84.4,39.49,39.33,1
GUA029,PARROQUIA,2020-07-26T16:08:10Z,14.7,23.2,23.8,25.2,74.8,89.7,38.72,41.62,1
GUA029,PARROQUIA,2020-07-26T16:11:28Z,16.3,23.9,24,25.5,77,91,39.16,39.73,1
GUA029,PARROQUIA,2020-07-26T16:14:41Z,16.9,24.1,24.1,25.6,76.7,90.8,39.19,40.83,1
GUA029,PARROQUIA,2020-07-26T16:17:53Z,16.6,24,24,25.5,76,90.6,39.24,38.07,1
GUA029,PARROQUIA,2020-07-26T16:21:06Z,16.4,23.9,24,25.4,82.3,93.4,51.96,51.25,1
GUA029,PARROQUIA,2020-07-26T16:24:20Z,18.9,24.7,24.2,25.7,81.8,93.4,51.45,51,1
GUA029,PARROQUIA,2020-07-26T16:27:32Z,18.5,24.6,24.1,25.7,80.7,92.7,51.95,51.32,1
GUA029,PARROQUIA,2020-07-26T16:30:47Z,20.5,24.9,24,25.7,81.1,93.2,52.32,52.09,1
GUA029,PARROQUIA,2020-07-26T16:34:01Z,20.1,25.1,24,25.6,81.5,93.3,53.01,53.44,1
GUA029,PARROQUIA,2020-07-26T16:37:13Z,20.1,25.1,24,25.6,80.9,93.1,52.29,53.2,1
GUA029,PARROQUIA,2020-07-26T16:40:26Z,19.8,24.2,23.9,25.5,81.2,93.3,53.96,52.78,1
GUA029,PARROQUIA,2020-07-26T16:43:40Z,19.9,24.2,23.9,25.6,81.3,93.4,52.43,51.09,1
GUA029,PARROQUIA,2020-07-26T16:46:52Z,19.8,24.2,23.9,25.6,80.7,93.5,34.61,33.9,1
GUA029,PARROQUIA,2020-07-26T16:50:06Z,18.7,23.9,23.7,25.3,78.9,92.2,34.47,33.82,1
GUA029,PARROQUIA,2020-07-26T16:53:19Z,18,23.7,23.7,25,71.2,86.8,34.02,33.84,1
GUA029,PARROQUIA,2020-07-26T16:56:32Z,16.8,23.4,23.7,24.9,67.8,82,40.27,39.59,1
GUA029,PARROQUIA,2020-07-26T16:59:44Z,15,23.1,23.8,25.1,70.9,85,38.91,39.24,1
GUA029,PARROQUIA,2020-07-26T17:02:58Z,15.2,23.5,23.9,25.3,73.3,87.6,38.84,37.94,1
GUA029,PARROQUIA,2020-07-26T17:06:11Z,15.9,23.8,24,25.5,75.7,90.2,39.01,38.56,1
GUA029,PARROQUIA,2020-07-26T17:09:25Z,16.6,24,24,25.5,79.3,91.5,38.87,37.58,1
GUA029,PARROQUIA,2020-07-26T17:12:38Z,17.6,24.4,24.1,25.7,78.7,91.2,38.5,37.95,1
GUA029,PARROQUIA,2020-07-26T17:15:50Z,17.4,24.3,24.1,25.6,81.4,92.5,51.11,50.7,1
GUA029,PARROQUIA,2020-07-26T17:19:04Z,18.5,24.7,24.2,25.8,80.4,92.4,51.52,50.79,1
GUA029,PARROQUIA,2020-07-26T17:22:16Z,19.7,25,24.1,25.8,80,92.2,51.21,51.25,1
GUA029,PARROQUIA,2020-07-26T17:25:28Z,20,24.1,23.9,25.7,79.3,92.8,34.49,33.71,1
GUA029,PARROQUIA,2020-07-26T17:28:40Z,18.6,23.9,23.7,25.2,79.7,92.9,34.78,34.29,1
GUA029,PARROQUIA,2020-07-26T17:31:54Z,18.6,23.9,23.8,25.2,78.4,91.8,35.71,35.08,1
GUA029,PARROQUIA,2020-07-26T17:35:07Z,18,23.7,23.7,25,71.2,86.1,34.85,33.95,1
GUA029,PARROQUIA,2020-07-26T17:38:20Z,16.8,23.4,23.7,24.9,67.2,81.2,39.14,37.24,1
GUA029,PARROQUIA,2020-07-26T17:41:34Z,15.2,23.2,23.8,25,72.4,85.8,38.88,38.48,1
GUA029,PARROQUIA,2020-07-26T17:44:46Z,15.7,23.8,24,25.4,79.6,91.5,38.68,38.26,1
GUA029,PARROQUIA,2020-07-26T17:47:58Z,18.2,24.6,24.2,25.7,81,92.4,51.6,51.13,1
GUA029,PARROQUIA,2020-07-26T17:51:12Z,20.3,25.2,24.3,25.9,80.2,92.1,52.25,53.42,1
GUA029,PARROQUIA,2020-07-26T17:54:26Z,20.2,24.7,24,25.8,80.6,92.5,53.44,52.93,1
GUA029,PARROQUIA,2020-07-26T17:57:41Z,20.2,24.7,24,25.7,80.5,92.8,51.99,51.64,1
GUA029,PARROQUIA,2020-07-26T18:00:54Z,19.3,24.1,23.8,25.4,80.2,92.9,35.36,34.1,1
GUA029,PARROQUIA,2020-07-26T18:04:07Z,18.7,23.9,23.7,25.1,80.7,92.9,33.86,33.44,1
GUA029,PARROQUIA,2020-07-26T18:07:19Z,18.5,23.9,23.8,25.1,78.9,92,34.01,33.45,1
GUA029,PARROQUIA,2020-07-26T18:10:32Z,18,23.7,23.6,24.9,68.2,82.4,33.86,34.53,1
GUA029,PARROQUIA,2020-07-26T18:13:45Z,16.2,23.3,23.7,25,69.1,82.7,38.01,37.6,1
GUA029,PARROQUIA,2020-07-26T18:16:58Z,14.8,23.3,23.8,25.2,74.7,88.4,39.05,38.55,1
GUA029,PARROQUIA,2020-07-26T18:20:13Z,16.5,24.1,24,25.5,80.6,91.9,53.04,52.42,1
GUA029,PARROQUIA,2020-07-26T18:23:27Z,19,24.8,24.2,25.8,81,92.4,53.53,53,1
GUA029,PARROQUIA,2020-07-26T18:26:39Z,19.8,25.1,24.2,25.8,79.8,91.8,51.26,51.08,1
GUA029,PARROQUIA,2020-07-26T18:29:51Z,20.2,24.4,24,25.7,80.1,92.5,35.68,35.21,1
GUA029,PARROQUIA,2020-07-26T18:33:05Z,19.1,24,23.8,25.3,79.5,92.2,34.08,34.95,1
GUA029,PARROQUIA,2020-07-26T18:36:18Z,18.1,23.7,23.6,25,73.8,88.1,35.78,34.1,1
GUA029,PARROQUIA,2020-07-26T18:39:30Z,17.4,23.5,23.7,25,70.1,84.2,35.65,36.29,1
GUA029,PARROQUIA,2020-07-26T18:42:43Z,16.7,23.5,23.8,25.1,71.3,85,35.2,33.77,1
GUA029,PARROQUIA,2020-07-26T18:45:56Z,16.9,23.5,23.7,25.1,66.3,80,39.93,39.05,1
GUA029,PARROQUIA,2020-07-26T18:49:09Z,15.4,23.2,23.7,25,71,84.7,40.9,39.37,1
GUA029,PARROQUIA,2020-07-26T18:52:21Z,15.4,23.5,23.9,25.3,73.9,87.7,40.2,39.15,1
GUA029,PARROQUIA,2020-07-26T18:55:35Z,16.2,23.9,24,25.5,80.6,91.8,54.08,54.08,1
GUA029,PARROQUIA,2020-07-26T18:58:47Z,18.5,24.6,24.1,25.7,79.5,91.7,52.32,52.53,1
GUA029,PARROQUIA,2020-07-26T19:02:00Z,19.7,25,24,25.7,80,91.6,52.53,53.39,1
GUA029,PARROQUIA,2020-07-26T19:05:13Z,20.4,25.2,24,25.8,80.2,91.8,53.1,51.79,1
GUA029,PARROQUIA,2020-07-26T19:08:27Z,20.2,24.7,24,25.7,79.6,92.1,53.15,51.63,1
GUA029,PARROQUIA,2020-07-26T19:11:39Z,19.5,24,23.8,25.4,80.1,92.7,53.75,54.18,1
GUA029,PARROQUIA,2020-07-26T19:14:50Z,19.1,24.1,23.8,25.3,79.6,92.5,34.8,35.16,1
GUA029,PARROQUIA,2020-07-26T19:18:04Z,18.4,23.8,23.6,25.1,79.2,91.7,34.57,34.53,1
GUA029,PARROQUIA,2020-07-26T19:21:16Z,18.2,23.8,23.7,25.1,71.2,85.1,35.94,34.24,1
GUA029,PARROQUIA,2020-07-26T19:24:28Z,16.9,23.4,23.7,25,67.8,81.5,35.04,34.41,1
GUA029,PARROQUIA,2020-07-26T19:27:45Z,16.2,23.4,23.8,25.1,67.3,81.1,34.28,33.84,1
GUA029,PARROQUIA,2020-07-26T19:30:58Z,16,23.4,23.8,25.2,68.5,82.1,40.21,39.01,1
GUA029,PARROQUIA,2020-07-26T19:34:12Z,14.7,23.3,23.9,25.3,74,87.2,41.02,39.81,1
GUA029,PARROQUIA,2020-07-26T19:37:25Z,16.4,24,24.1,25.6,73.5,86.4,39.52,39.02,1
GUA029,PARROQUIA,2020-07-26T19:40:41Z,16.1,23.9,24,25.4,74.8,87.9,39.11,38.17,1
GUA029,PARROQUIA,2020-07-26T19:43:55Z,16.6,24,24,25.6,77.7,90.2,39.48,39.67,1
GUA029,PARROQUIA,2020-07-26T19:47:08Z,17.4,24.3,24.1,25.7,80.3,91.6,52.79,53.95,1
GUA029,PARROQUIA,2020-07-26T19:50:22Z,18.6,24.7,24.1,25.7,79.7,91.8,52.93,53,1
GUA029,PARROQUIA,2020-07-26T19:53:35Z,19.6,25,24.1,25.8,79.7,91.7,52.29,52.52,1
GUA029,PARROQUIA,2020-07-26T19:56:49Z,20,25.1,24.2,25.8,79.8,92,53.12,52.17,1
GUA029,PARROQUIA,2020-07-26T20:00:01Z,19.6,25,24.1,25.7,79.9,91.5,52.19,51.49,1
GUA029,PARROQUIA,2020-07-26T20:03:15Z,20.5,24.9,24.1,25.8,79.6,91.9,53.45,51.49,1
GUA029,PARROQUIA,2020-07-26T20:06:27Z,19.4,24,23.9,25.5,80.2,92.5,53.89,52.03,1
GUA029,PARROQUIA,2020-07-26T20:09:41Z,19,24,23.9,25.4,80.3,92.3,39.76,37.56,1
GUA029,PARROQUIA,2020-07-26T20:12:53Z,19.1,24,23.8,25.4,79.4,92.1,35,35.03,1
GUA029,PARROQUIA,2020-07-26T20:16:08Z,18.2,23.8,23.7,25,78.4,91.4,35.79,34.96,1
GUA029,PARROQUIA,2020-07-26T20:19:20Z,18.2,23.7,23.7,25,72.8,86.8,35.36,35.45,1
GUA029,PARROQUIA,2020-07-26T20:22:35Z,17.2,23.5,23.7,25,69.8,83.3,36.15,34.75,1
GUA029,PARROQUIA,2020-07-26T20:25:49Z,16.6,23.4,23.8,25.1,66.5,80,39.29,38.89,1
GUA029,PARROQUIA,2020-07-26T20:29:02Z,15.2,23.2,23.7,25,71.6,84.5,40.79,40.78,1
GUA029,PARROQUIA,2020-07-26T20:32:15Z,15.5,23.6,23.9,25.4,71.1,84.3,40.74,38.38,1
GUA029,PARROQUIA,2020-07-26T20:35:29Z,15.3,23.5,23.9,25.2,73.1,85.9,43.81,42.28,1
GUA029,PARROQUIA,2020-07-26T20:38:42Z,15.9,23.7,23.9,25.4,74.7,87.5,40.17,41.51,1
GUA029,PARROQUIA,2020-07-26T20:41:56Z,16.4,23.9,24,25.5,80.1,91.4,53.84,52.05,1
GUA029,PARROQUIA,2020-07-26T20:45:08Z,20.1,25,24.2,25.9,79.5,91.4,53.22,52.78,1
GUA029,PARROQUIA,2020-07-26T20:48:20Z,20.1,24.2,23.9,25.7,78.9,91.9,36.25,34.58,1
GUA029,PARROQUIA,2020-07-26T20:51:33Z,18.5,23.9,23.7,25.2,79.7,91.9,34.74,34.9,1
GUA029,PARROQUIA,2020-07-26T20:54:47Z,18.3,23.9,23.7,25.1,78.9,91.7,34.08,34.11,1
GUA029,PARROQUIA,2020-07-26T20:58:00Z,18.3,23.8,23.8,25,77.5,90.8,36.21,35.57,1
GUA029,PARROQUIA,2020-07-26T21:01:14Z,18.1,23.7,23.7,25.1,78.3,91.3,35.56,35.2,1
GUA029,PARROQUIA,2020-07-26T21:04:27Z,18.1,23.8,23.7,25,69.8,83.8,35.48,34.29,1
GUA029,PARROQUIA,2020-07-26T21:07:39Z,16.6,23.3,23.7,25,67.2,80.4,39.67,34.66,1
GUA029,PARROQUIA,2020-07-26T21:10:52Z,15.9,23.3,23.8,25.1,68.4,81.5,39.58,38.05,1
GUA029,PARROQUIA,2020-07-26T21:14:04Z,15.5,23.3,23.8,25.2,70.7,83.3,39.35,39.48,1
GUA029,PARROQUIA,2020-07-26T21:17:17Z,15.2,23.5,23.9,25.3,79.8,91,53.66,52.75,1
GUA029,PARROQUIA,2020-07-26T21:20:29Z,18.5,24.6,24.2,25.8,78.9,90.8,52.71,52.07,1
GUA029,PARROQUIA,2020-07-26T21:23:41Z,20.4,24.8,24,25.8,79.3,91.3,51.19,52.77,1
GUA029,PARROQUIA,2020-07-26T21:26:55Z,20.2,24.2,24,25.7,78.9,91.6,35.81,37.86,1
GUA029,PARROQUIA,2020-07-26T21:30:08Z,18.9,23.9,23.8,25.3,79.8,92.1,35,33.81,1
GUA029,PARROQUIA,2020-07-26T21:33:21Z,18.6,24,23.7,25.2,80.1,92.3,34.3,33.43,1
GUA029,PARROQUIA,2020-07-26T21:36:33Z,18.4,23.9,23.7,25,79.4,91.5,33.71,33.26,1
GUA029,PARROQUIA,2020-07-26T21:39:50Z,18.3,23.8,23.7,25.1,78.8,91.2,35.43,34.79,1
GUA029,PARROQUIA,2020-07-26T21:43:04Z,18.3,23.8,23.7,25.1,73.7,87.5,36.34,35.16,1
GUA029,PARROQUIA,2020-07-26T21:46:17Z,17.3,23.5,23.6,25,65.7,79,39.86,34.35,1
GUA029,PARROQUIA,2020-07-26T21:49:29Z,15.4,23.1,23.7,25,72.7,85.2,39.55,38.71,1
GUA029,PARROQUIA,2020-07-26T21:52:42Z,16,23.8,24,25.5,79.1,90.7,39.64,39.45,1
GUA029,PARROQUIA,2020-07-26T21:55:56Z,18.3,24.6,24.1,25.8,79.2,91.1,52.56,51.62,1
GUA029,PARROQUIA,2020-07-26T21:59:08Z,20.1,25.1,24.1,25.9,79.7,91.2,52.5,51.66,1
GUA029,PARROQUIA,2020-07-26T22:02:20Z,20.3,25.1,24.1,25.8,79.4,91.3,52.27,51.64,1
GUA029,PARROQUIA,2020-07-26T22:05:33Z,19.7,24.1,23.8,25.6,79.8,91.9,53.5,52.1,1
GUA029,PARROQUIA,2020-07-26T22:08:46Z,19.3,24.1,23.8,25.5,79.7,91.8,36.31,34.91,1
GUA029,PARROQUIA,2020-07-26T22:12:00Z,19.1,24,23.8,25.4,79.6,91.9,34.31,34.82,1
GUA029,PARROQUIA,2020-07-26T22:15:12Z,18.7,23.9,23.7,25.3,78.5,91.1,34.47,34.03,1
GUA029,PARROQUIA,2020-07-26T22:18:26Z,17.9,23.6,23.6,24.9,68.7,81.6,34.33,33.92,1
GUA029,PARROQUIA,2020-07-26T22:21:40Z,16.3,23.3,23.6,25,66.7,79.7,39.56,38.94,1
GUA029,PARROQUIA,2020-07-26T22:24:54Z,15.6,23.3,23.8,25.2,70.5,83.3,38.64,38.35,1
GUA029,PARROQUIA,2020-07-26T22:28:06Z,15.4,23.6,23.9,25.5,77.1,89.2,39.19,39.39,1
GUA029,PARROQUIA,2020-07-26T22:31:19Z,17.6,24.4,24.1,25.7,80.6,91.5,51.4,51.44,1
GUA029,PARROQUIA,2020-07-26T22:34:32Z,19.7,25,24.2,25.8,79.2,90.9,51.5,50.68,1
GUA029,PARROQUIA,2020-07-26T22:37:45Z,20.2,24.1,24,25.8,79.2,91.5,33.82,33.63,1
GUA029,PARROQUIA,2020-07-26T22:40:58Z,18.8,23.9,23.7,25.3,76.3,90.1,33.97,34.18,1
GUA029,PARROQUIA,2020-07-26T22:44:11Z,17.7,23.5,23.6,25,70.4,83.9,34.54,34.27,1
GUA029,PARROQUIA,2020-07-26T22:47:23Z,16.9,23.5,23.8,25.2,68.5,81.6,34.56,34.43,1
GUA029,PARROQUIA,2020-07-26T22:50:36Z,16.4,23.3,23.8,25.2,67.1,80.2,39.1,37.62,1
GUA029,PARROQUIA,2020-07-26T22:53:48Z,15.9,23.3,23.9,25.2,68.9,81.3,39.9,38.29,1
GUA029,PARROQUIA,2020-07-26T22:57:00Z,15.6,23.4,23.9,25.3,70.2,82.8,38.8,37.66,1
GUA029,PARROQUIA,2020-07-26T23:00:15Z,15.3,23.5,23.9,25.4,69.9,82.6,38.46,39.9,1
GUA029,PARROQUIA,2020-07-26T23:03:27Z,15.3,23.4,23.8,25.2,71.3,83.7,39.09,37.83,1
GUA029,PARROQUIA,2020-07-26T23:06:48Z,15.3,23.5,23.9,25.3,71.4,83.9,38.58,37.87,1
GUA029,PARROQUIA,2020-07-26T23:10:01Z,15.4,23.5,23.8,25.4,80.8,91.3,50.56,37.85,1
GUA029,PARROQUIA,2020-07-26T23:13:14Z,19,24.8,24.1,25.8,81.4,92,50.27,49.4,1
GUA029,PARROQUIA,2020-07-26T23:16:27Z,19.6,25,24.1,25.7,80.3,91.6,51.64,51.32,1
GUA029,PARROQUIA,2020-07-26T23:19:42Z,20.1,25,24.1,25.8,80.3,91.7,50.78,50.49,1
GUA029,PARROQUIA,2020-07-26T23:22:57Z,20.3,25,24,25.7,80.4,91.4,51.19,50.51,1
GUA029,PARROQUIA,2020-07-26T23:26:09Z,20.3,24.9,24,25.8,80.4,91.6,50.71,51.5,1
GUA029,PARROQUIA,2020-07-26T23:29:22Z,20.1,24.3,23.9,25.7,80.3,91.6,49.98,50.27,1
GUA029,PARROQUIA,2020-07-26T23:32:34Z,19.9,24.1,23.9,25.6,79.4,91.6,35.18,34.87,1
GUA029,PARROQUIA,2020-07-26T23:35:47Z,18.8,23.8,23.7,25.3,80,92,33.93,32.79,1
GUA029,PARROQUIA,2020-07-26T23:39:00Z,18.5,23.8,23.7,25.1,78.3,91.1,34.73,33.36,1
GUA029,PARROQUIA,2020-07-26T23:42:13Z,18.1,23.8,23.7,24.9,76.7,90.1,33.8,33.23,1
GUA029,PARROQUIA,2020-07-26T23:45:26Z,18,23.7,23.6,25,74.9,88.7,33.59,33.49,1
GUA029,PARROQUIA,2020-07-26T23:48:38Z,17.7,23.7,23.7,25,66,79.3,33.62,33.07,1
GUA029,PARROQUIA,2020-07-26T23:51:52Z,15.7,23.1,23.7,25,69.2,81.7,37.57,37.16,1
GUA029,PARROQUIA,2020-07-26T23:55:07Z,15.1,23.3,23.8,25.3,70.6,82.7,37.36,37.03,1
GUA029,PARROQUIA,2020-07-26T23:58:21Z,15.2,23.6,23.9,25.3,71.8,84.2,37.52,37.05,1
GUA029,PARROQUIA,2020-07-27T00:01:37Z,15.7,23.7,23.9,25.4,79.9,90.8,49.63,50.15,1
GUA029,PARROQUIA,2020-07-27T00:04:50Z,19,24.8,24.1,25.8,80.4,91.4,50.56,50.7,1
GUA029,PARROQUIA,2020-07-27T00:08:03Z,19.7,25,24.1,25.8,79.9,91,50.29,51.02,1
GUA029,PARROQUIA,2020-07-27T00:11:16Z,20.5,25,24,25.9,80.3,91.4,50.15,50.89,1
GUA029,PARROQUIA,2020-07-27T00:14:29Z,20.1,24.4,23.9,25.7,80.4,91.7,49.98,49.59,1
GUA029,PARROQUIA,2020-07-27T00:17:43Z,19.9,24.2,23.9,25.6,80.5,91.8,49.85,49.55,1
GUA029,PARROQUIA,2020-07-27T00:20:56Z,19.6,24.1,23.8,25.4,80.7,92.1,50.07,49.95,1
GUA029,PARROQUIA,2020-07-27T00:24:11Z,19.3,24,23.8,25.4,80.3,92.1,34.19,37.12,1
GUA029,PARROQUIA,2020-07-27T00:27:24Z,19.1,24,23.7,25.3,80.2,92,32.84,32.64,1
GUA029,PARROQUIA,2020-07-27T00:30:41Z,18.9,24,23.7,25.3,79.7,91.8,32.87,32.57,1
GUA029,PARROQUIA,2020-07-27T00:33:54Z,18.7,23.9,23.6,25.2,80,91.8,32.88,32.81,1
GUA029,PARROQUIA,2020-07-27T00:37:07Z,18.4,23.8,23.7,25.1,74.6,87.6,33.38,33.07,1
GUA029,PARROQUIA,2020-07-27T00:40:20Z,17.5,23.5,23.5,25,70.5,83.3,32.83,32.45,1
GUA029,PARROQUIA,2020-07-27T00:43:33Z,16.7,23.4,23.7,25.1,67.2,79.7,37.31,36.84,1
GUA029,PARROQUIA,2020-07-27T00:46:45Z,15.8,23.3,23.8,25.2,71.3,83.3,37.08,36.8,1
GUA029,PARROQUIA,2020-07-27T00:49:57Z,15.5,23.6,23.9,25.3,78.2,90.1,37.26,36.96,1
GUA029,PARROQUIA,2020-07-27T00:53:13Z,17.3,24.3,24,25.6,79.9,91,49.88,49.51,1
GUA029,PARROQUIA,2020-07-27T00:56:26Z,20.4,25.1,24.2,25.9,79.1,90.7,49.57,49.15,1
GUA029,PARROQUIA,2020-07-27T00:59:38Z,19.8,24,23.9,25.7,79.7,91.4,37,48.75,1
GUA029,PARROQUIA,2020-07-27T01:02:51Z,19.4,24,23.8,25.5,78.9,91.5,32.98,32.08,1
GUA029,PARROQUIA,2020-07-27T01:06:03Z,18.2,23.7,23.6,25,75.9,89.1,32.29,31.95,1
GUA029,PARROQUIA,2020-07-27T01:09:18Z,17.9,23.6,23.7,25.1,74.7,87.7,32.74,32.12,1
GUA029,PARROQUIA,2020-07-27T01:12:30Z,17.6,23.6,23.6,25,72,85,32.79,32.36,1
GUA029,PARROQUIA,2020-07-27T01:15:42Z,17.1,23.4,23.7,25.1,66.5,78.8,37.01,36.52,1
GUA029,PARROQUIA,2020-07-27T01:18:54Z,15,23.1,23.7,25.1,71.8,83.9,37.15,36.77,1
GUA029,PARROQUIA,2020-07-27T01:22:06Z,15.6,23.6,23.9,25.4,77.6,89.7,37.14,36.65,1
GUA029,PARROQUIA,2020-07-27T01:25:21Z,17.5,24.3,24,25.6,78.9,90.5,37.07,36.73,1
GUA029,PARROQUIA,2020-07-27T01:28:34Z,17.9,24.4,24,25.7,80.3,91,37.05,36.52,1
GUA029,PARROQUIA,2020-07-27T01:31:52Z,18.5,24.7,24,25.7,80.1,91.2,49.47,49.18,1
GUA029,PARROQUIA,2020-07-27T01:35:07Z,19.8,25,24.1,25.8,79.3,90.8,49.91,49.65,1
GUA029,PARROQUIA,2020-07-27T01:38:20Z,20,24,23.8,25.7,79.6,91.5,49.1,48.75,1
GUA029,PARROQUIA,2020-07-27T01:41:32Z,19.3,24,23.8,25.5,79.5,91.5,33.19,32.34,1
GUA029,PARROQUIA,2020-07-27T01:44:44Z,19,24,23.7,25.4,80.1,91.7,32.53,32.23,1
GUA029,PARROQUIA,2020-07-27T01:47:56Z,18.5,23.8,23.7,25.2,79.8,91.4,32.71,32.3,1
GUA029,PARROQUIA,2020-07-27T01:51:11Z,18.3,23.8,23.7,25,72.8,85.6,32.56,32.04,1
GUA029,PARROQUIA,2020-07-27T01:54:23Z,17.1,23.3,23.6,25,67.1,79.7,36.95,32.5,1
GUA029,PARROQUIA,2020-07-27T01:57:37Z,15.8,23.3,23.7,25.2,71.1,82.8,37.11,36.66,1
GUA029,PARROQUIA,2020-07-27T02:00:50Z,15.4,23.6,23.9,25.3,72.6,84.7,37.42,36.81,1
GUA029,PARROQUIA,2020-07-27T02:04:03Z,15.7,23.7,23.9,25.4,74.8,87,37.11,36.81,1
GUA029,PARROQUIA,2020-07-27T02:07:17Z,16.5,23.9,23.9,25.5,77,89.8,36.97,36.65,1
GUA029,PARROQUIA,2020-07-27T02:10:33Z,17.2,24.1,24,25.5,78.1,90,36.98,36.63,1
GUA029,PARROQUIA,2020-07-27T02:13:46Z,17.5,24.3,24,25.6,82,91.7,49.34,49.51,1
GUA029,PARROQUIA,2020-07-27T02:17:00Z,19.3,24.8,24.1,25.8,79.6,90.8,49.23,48.89,1
GUA029,PARROQUIA,2020-07-27T02:20:14Z,20.3,24.1,23.9,25.8,79.9,91.4,51.44,48.67,1
GUA029,PARROQUIA,2020-07-27T02:23:27Z,19.6,24,23.8,25.5,79.5,91.5,36.08,36.46,1
GUA029,PARROQUIA,2020-07-27T02:26:39Z,18.9,24,23.8,25.5,79.3,91.3,32.39,32,1
GUA029,PARROQUIA,2020-07-27T02:29:53Z,18,23.7,23.6,25,77.1,90.3,32.39,32,1
GUA029,PARROQUIA,2020-07-27T02:33:08Z,18,23.7,23.6,24.9,69.3,82.2,32.66,32.19,1
GUA029,PARROQUIA,2020-07-27T02:36:23Z,16.5,23.2,23.6,24.9,67.8,79.8,37.26,36.67,1
GUA029,PARROQUIA,2020-07-27T02:39:37Z,15.3,23.2,23.8,25.2,69.3,81.5,36.67,36.47,1
GUA029,PARROQUIA,2020-07-27T02:42:50Z,15.1,23.3,23.8,25.2,74.1,85.9,36.77,36.73,1
GUA029,PARROQUIA,2020-07-27T02:46:04Z,16.5,23.9,24,25.6,75.3,87.1,37.02,36.5,1
GUA029,PARROQUIA,2020-07-27T02:49:18Z,16.7,24,24,25.6,77,88.8,37.01,36.29,1
GUA029,PARROQUIA,2020-07-27T02:52:31Z,17.4,24.3,24,25.6,79,90.3,49.3,48.98,1
GUA029,PARROQUIA,2020-07-27T02:55:45Z,18.1,24.5,24,25.7,78.5,90.1,49.21,48.82,1
GUA029,PARROQUIA,2020-07-27T02:58:58Z,20.4,24.1,23.9,25.8,79.5,91.1,36.94,48.63,1
GUA029,PARROQUIA,2020-07-27T03:02:11Z,19.5,24.1,23.8,25.5,78.6,91,32.89,32.3,1
GUA029,PARROQUIA,2020-07-27T03:05:27Z,18.1,23.7,23.6,25.1,76.1,89.3,32.54,32.8,1
GUA029,PARROQUIA,2020-07-27T03:08:40Z,17.9,23.7,23.7,25,74.8,87.9,32.35,31.96,1
GUA029,PARROQUIA,2020-07-27T03:11:54Z,17.7,23.5,23.6,25,70.8,83.4,32.4,32,1
GUA029,PARROQUIA,2020-07-27T03:15:06Z,16.9,23.4,23.7,25,66.8,79.1,37.48,36.43,1
GUA029,PARROQUIA,2020-07-27T03:18:20Z,14.7,23.1,23.8,25.2,77.7,89.5,49.35,48.94,1
GUA029,PARROQUIA,2020-07-27T03:21:34Z,17.9,24.4,24.1,25.8,78.3,90,49.32,48.95,1
GUA029,PARROQUIA,2020-07-27T03:24:47Z,20.4,25,24,25.8,79.4,90.8,49.68,48.92,1
GUA029,PARROQUIA,2020-07-27T03:28:00Z,20,24.9,23.9,25.6,79.3,90.8,49.05,48.46,1
GUA029,PARROQUIA,2020-07-27T03:31:15Z,20,24.1,23.9,25.6,79.3,91,34.06,36.4,1
GUA029,PARROQUIA,2020-07-27T03:34:29Z,19.5,24,23.8,25.5,78.7,91,32.64,32.2,1
GUA029,PARROQUIA,2020-07-27T03:37:43Z,18,23.7,23.6,25,74.1,87,32.55,32.17,1
GUA029,PARROQUIA,2020-07-27T03:40:56Z,17.6,23.6,23.7,25.1,72.4,85.1,32.77,32.38,1
GUA029,PARROQUIA,2020-07-27T03:44:09Z,17.2,23.5,23.6,25,67.6,80.1,32.54,32.2,1
GUA029,PARROQUIA,2020-07-27T03:47:23Z,16.2,23.3,23.8,25.2,68.6,80.8,37.35,36.71,1
GUA029,PARROQUIA,2020-07-27T03:50:36Z,14.7,23.3,23.8,25.2,77.4,88.7,36.76,36.39,1
GUA029,PARROQUIA,2020-07-27T03:53:50Z,17.6,24.3,24.1,25.7,79.3,90.2,37.45,36.87,1
GUA029,PARROQUIA,2020-07-27T03:57:02Z,18.3,24.6,24.1,25.7,80.2,90.8,49.19,48.75,1
GUA029,PARROQUIA,2020-07-27T04:00:15Z,19,24.7,24,25.8,79.1,90.3,49.18,48.82,1
GUA029,PARROQUIA,2020-07-27T04:03:27Z,20.6,24.8,24,25.9,79.8,91,49.04,48.77,1
GUA029,PARROQUIA,2020-07-27T04:06:39Z,19.9,24.2,23.9,25.7,79.7,91.2,49.21,48.63,1
GUA029,PARROQUIA,2020-07-27T04:09:52Z,19.5,24,23.8,25.5,79.5,91.3,33.22,33.86,1
GUA029,PARROQUIA,2020-07-27T04:13:04Z,19.2,24,23.7,25.3,79.4,91.3,32.64,32.27,1
GUA029,PARROQUIA,2020-07-27T04:16:20Z,18.6,23.9,23.7,25.3,79.4,91.2,32.64,32.24,1
GUA029,PARROQUIA,2020-07-27T04:19:33Z,18.4,23.9,23.7,25.2,79.1,90.9,32.73,32.36,1
GUA029,PARROQUIA,2020-07-27T04:22:45Z,18.1,23.7,23.6,25.1,77.8,90.4,33.2,32.34,1
GUA029,PARROQUIA,2020-07-27T04:25:59Z,18,23.7,23.6,25,70.1,83,33.45,32.3,1
GUA029,PARROQUIA,2020-07-27T04:29:14Z,16.7,23.2,23.6,24.9,66.8,78.9,37.09,36.78,1
GUA029,PARROQUIA,2020-07-27T04:32:29Z,15.4,23.2,23.8,25.2,68.1,80.1,37.15,36.78,1
GUA029,PARROQUIA,2020-07-27T04:35:43Z,15.1,23.2,23.8,25.2,71.9,83.7,37.43,36.66,1
GUA029,PARROQUIA,2020-07-27T04:38:55Z,15.8,23.7,23.9,25.5,73.7,85.5,37.15,36.99,1
GUA029,PARROQUIA,2020-07-27T04:42:09Z,16.4,23.9,24,25.5,79.1,90.2,49.59,49.13,1
GUA029,PARROQUIA,2020-07-27T04:45:23Z,18.3,24.6,24.1,25.8,78.4,90,49.66,49.32,1
GUA029,PARROQUIA,2020-07-27T04:48:36Z,20.1,24.9,24,25.8,79.1,90.4,49.16,48.65,1
GUA029,PARROQUIA,2020-07-27T04:51:49Z,20.2,24.1,23.8,25.7,79.3,91.2,49.34,48.93,1
GUA029,PARROQUIA,2020-07-27T04:55:02Z,19.3,24,23.8,25.4,79.2,91.4,32.67,32.28,1
GUA029,PARROQUIA,2020-07-27T04:58:18Z,18.9,24,23.7,25.2,79.1,91.2,32.74,32.22,1
GUA029,PARROQUIA,2020-07-27T05:01:33Z,18.4,23.8,23.7,25.2,78.2,90.8,32.9,32.63,1
GUA029,PARROQUIA,2020-07-27T05:04:47Z,18.1,23.7,23.7,24.9,77.2,90.3,32.69,32.13,1
GUA029,PARROQUIA,2020-07-27T05:08:02Z,18,23.7,23.7,24.9,69,81.9,32.95,32.58,1
GUA029,PARROQUIA,2020-07-27T05:11:15Z,16.4,23.2,23.6,24.8,68.4,80.1,37.44,36.98,1
GUA029,PARROQUIA,2020-07-27T05:14:28Z,15.2,23.2,23.8,25.2,69.6,81.9,38.15,37.06,1
GUA029,PARROQUIA,2020-07-27T05:17:41Z,15,23.4,23.8,25.2,77.3,88.8,37.59,37.08,1
GUA029,PARROQUIA,2020-07-27T05:20:54Z,17.7,24.3,24,25.7,80.7,91.1,49.71,49.21,1
GUA029,PARROQUIA,2020-07-27T05:24:07Z,19.5,24.9,24.1,25.8,78.9,90.3,49.23,48.74,1
GUA029,PARROQUIA,2020-07-27T05:27:20Z,20.2,24,23.8,25.7,79.2,91,51.48,50.38,1
GUA029,PARROQUIA,2020-07-27T05:30:34Z,19.4,23.9,23.8,25.5,79.2,91.2,32.7,32.5,1
GUA029,PARROQUIA,2020-07-27T05:33:50Z,18.7,23.9,23.7,25.3,79.4,91.2,33.04,32.91,1
GUA029,PARROQUIA,2020-07-27T05:37:02Z,18.4,23.8,23.6,25.1,78.7,90.7,33.61,33.05,1
GUA029,PARROQUIA,2020-07-27T05:40:16Z,18.1,23.7,23.6,25,75.3,88,33.43,32.9,1
GUA029,PARROQUIA,2020-07-27T05:43:28Z,17.8,23.5,23.6,25,70.8,82.9,33.33,32.85,1
GUA029,PARROQUIA,2020-07-27T05:46:40Z,16.8,23.4,23.6,25,66.3,78.5,35.75,32.56,1
GUA029,PARROQUIA,2020-07-27T05:49:53Z,15.7,23.3,23.7,25.2,70.1,81.8,37.58,37.06,1
GUA029,PARROQUIA,2020-07-27T05:53:05Z,15.2,23.5,23.9,25.4,75.3,86.9,37.87,37.5,1
GUA029,PARROQUIA,2020-07-27T05:56:18Z,16.9,24,24,25.6,78.5,90,49.94,49.77,1
GUA029,PARROQUIA,2020-07-27T05:59:31Z,20.1,25,24,25.9,79.1,90.3,49.58,49.47,1
GUA029,PARROQUIA,2020-07-27T06:02:44Z,20.3,24.4,23.9,25.8,79.4,90.8,49.63,49.2,1
GUA029,PARROQUIA,2020-07-27T06:05:58Z,19.6,24,23.8,25.6,78.3,91,33.13,32.89,1
GUA029,PARROQUIA,2020-07-27T06:09:11Z,18.4,23.7,23.6,25.1,77.4,90.2,33.63,33.43,1
GUA029,PARROQUIA,2020-07-27T06:12:24Z,18,23.6,23.6,24.9,73.7,86.2,33.76,33.3,1
GUA029,PARROQUIA,2020-07-27T06:15:38Z,17.4,23.5,23.6,25,72,84.5,33.77,33.22,1
GUA029,PARROQUIA,2020-07-27T06:18:52Z,17,23.4,23.6,25,67,79.3,33.79,33.39,1
GUA029,PARROQUIA,2020-07-27T06:22:04Z,16,23.3,23.7,25.2,68.5,80.3,38.65,38.05,1
GUA029,PARROQUIA,2020-07-27T06:25:20Z,15.2,23.4,23.8,25.3,72.2,83.4,38.37,38.12,1
GUA029,PARROQUIA,2020-07-27T06:28:33Z,15.9,23.7,23.9,25.4,78.4,90,50.1,50.35,1
GUA029,PARROQUIA,2020-07-27T06:31:50Z,19.4,24.9,24.1,25.9,78.6,89.9,51.23,51.31,1
GUA029,PARROQUIA,2020-07-27T06:35:03Z,20.3,25.1,24.1,25.9,79.1,90.3,50.26,49.81,1
GUA029,PARROQUIA,2020-07-27T06:38:17Z,20.2,24.4,24,25.8,78.7,90.8,33.28,32.93,1
GUA029,PARROQUIA,2020-07-27T06:41:30Z,19,23.8,23.7,25.3,78.8,90.9,33.94,33.66,1
GUA029,PARROQUIA,2020-07-27T06:44:46Z,18.3,23.7,23.7,25.1,77.2,89.9,33.37,32.79,1
GUA029,PARROQUIA,2020-07-27T06:48:00Z,18,23.7,23.7,25.1,73.6,86.6,34.86,33.34,1
GUA029,PARROQUIA,2020-07-27T06:51:14Z,17.5,23.6,23.7,25,72.3,84.7,34.33,33.97,1
GUA029,PARROQUIA,2020-07-27T06:54:26Z,17.2,23.5,23.7,25,70,82.4,35.01,34.81,1
GUA029,PARROQUIA,2020-07-27T06:57:41Z,16.7,23.4,23.6,25,66.5,78.6,38.61,33.54,1
GUA029,PARROQUIA,2020-07-27T07:00:55Z,15.7,23.3,23.8,25.2,70.2,81.8,39.41,38.48,1
GUA029,PARROQUIA,2020-07-27T07:04:07Z,15.3,23.5,23.9,25.4,71.8,83.7,38.47,37.85,1
GUA029,PARROQUIA,2020-07-27T07:07:21Z,15.7,23.7,23.9,25.4,76.7,88.4,38.02,37.79,1
GUA029,PARROQUIA,2020-07-27T07:10:36Z,17.5,24.3,24.1,25.6,79.2,90.5,51.05,50.16,1
GUA029,PARROQUIA,2020-07-27T07:13:49Z,19.6,24.9,24,25.8,78.8,90.3,51.49,51.5,1
GUA029,PARROQUIA,2020-07-27T07:17:04Z,20.1,24,23.8,25.7,78.9,91,38.41,52.47,1
GUA029,PARROQUIA,2020-07-27T07:20:18Z,19.1,24,23.8,25.4,79.3,91.4,34.81,34.21,1
GUA029,PARROQUIA,2020-07-27T07:23:32Z,18.9,24,23.7,25.2,76.8,90,35.63,35.32,1
GUA029,PARROQUIA,2020-07-27T07:26:44Z,17.9,23.6,23.6,24.9,70.2,82.9,33.75,33.65,1
GUA029,PARROQUIA,2020-07-27T07:29:58Z,16.9,23.5,23.7,25.1,69.2,81.9,34.63,34.66,1
GUA029,PARROQUIA,2020-07-27T07:33:13Z,16.6,23.4,23.7,25,67.9,80.5,34.83,34.57,1
GUA029,PARROQUIA,2020-07-27T07:36:26Z,16.3,23.3,23.7,24.9,69.4,81.3,41.37,39,1
GUA029,PARROQUIA,2020-07-27T07:39:39Z,15,23.4,23.9,25.2,78.2,89.4,39.34,39.88,1
GUA029,PARROQUIA,2020-07-27T07:42:52Z,18.1,24.5,24.1,25.8,80.2,90.7,42.08,39.64,1
GUA029,PARROQUIA,2020-07-27T07:46:06Z,18.9,24.7,24.1,25.8,80.5,91,53.73,51.81,1
GUA029,PARROQUIA,2020-07-27T07:49:22Z,19.5,24.9,24.2,25.8,79.2,90.4,52.4,52.14,1
GUA029,PARROQUIA,2020-07-27T07:52:36Z,20.4,24.2,23.9,25.8,79.2,91.1,35.3,34.6,1
GUA029,PARROQUIA,2020-07-27T07:55:51Z,19.2,24,23.8,25.4,78.2,90.4,35.69,36.22,1
GUA029,PARROQUIA,2020-07-27T07:59:05Z,18.1,23.8,23.7,25,71.1,83.9,33.97,34.46,1
GUA029,PARROQUIA,2020-07-27T08:02:23Z,17.1,23.4,23.6,25,66.9,78.7,41.23,40.98,1
GUA029,PARROQUIA,2020-07-27T08:05:39Z,15.1,23.2,23.8,25.2,71.7,83.5,40.35,40.61,1
GUA029,PARROQUIA,2020-07-27T08:08:53Z,15.9,23.7,23.9,25.5,80.4,90.6,55.21,53.44,1
GUA029,PARROQUIA,2020-07-27T08:12:07Z,19.4,24.9,24.2,25.9,79.2,90.3,53.9,51.84,1
GUA029,PARROQUIA,2020-07-27T08:15:22Z,20.5,24.3,24,25.8,79.5,91.2,37.7,39.75,1
GUA029,PARROQUIA,2020-07-27T08:18:37Z,19.4,24.1,23.8,25.4,79.8,91.3,36.15,35.86,1
GUA029,PARROQUIA,2020-07-27T08:21:53Z,18.5,23.9,23.7,25.1,78,90.3,36.37,35.88,1
GUA029,PARROQUIA,2020-07-27T08:25:06Z,18.1,23.7,23.6,24.9,70.9,83,37.2,36.38,1
GUA029,PARROQUIA,2020-07-27T08:28:20Z,17,23.4,23.6,25.1,66.7,78.4,39.85,40.29,1
GUA029,PARROQUIA,2020-07-27T08:31:33Z,15.3,23.2,23.8,25.2,72.2,83.6,40.29,39.41,1
GUA029,PARROQUIA,2020-07-27T08:34:46Z,16.1,23.8,24,25.5,80.7,90.7,54.94,53.76,1
GUA029,PARROQUIA,2020-07-27T08:38:00Z,19.6,24.9,24.2,26,79.4,90.5,53.57,53.16,1
GUA029,PARROQUIA,2020-07-27T08:41:14Z,20.5,25,24.1,25.8,79.8,91.2,52.91,52.59,1
GUA029,PARROQUIA,2020-07-27T08:44:28Z,19.7,24.2,23.9,25.5,79.6,91.6,36.09,35.24,1
GUA029,PARROQUIA,2020-07-27T08:47:42Z,18.9,24,23.8,25.2,77.2,90,35.76,35.51,1
GUA029,PARROQUIA,2020-07-27T08:50:57Z,18.3,23.8,23.7,25.1,70.2,82.8,35.79,35.01,1
GUA029,PARROQUIA,2020-07-27T08:54:11Z,17,23.4,23.8,25.1,66.5,78.8,40.11,37.13,1
GUA029,PARROQUIA,2020-07-27T08:57:25Z,15.9,23.3,23.8,25.1,69.5,80.9,39.98,39.48,1
GUA029,PARROQUIA,2020-07-27T09:00:41Z,15.3,23.4,23.8,25.2,72,83.7,39.91,39.44,1
GUA029,PARROQUIA,2020-07-27T09:03:53Z,15.9,23.8,23.9,25.4,76.3,87.5,39.55,39.24,1
GUA029,PARROQUIA,2020-07-27T09:07:08Z,17.4,24.3,24.1,25.6,81,91.1,52.87,52.5,1
GUA029,PARROQUIA,2020-07-27T09:10:26Z,19.9,25,24.2,25.9,79.9,90.7,53.5,52.97,1
GUA029,PARROQUIA,2020-07-27T09:13:42Z,20.5,25.2,24.1,25.8,79.7,90.8,54.52,54.1,1
GUA029,PARROQUIA,2020-07-27T09:16:55Z,20.3,24.9,24,25.7,80,91,54.48,54.13,1
GUA029,PARROQUIA,2020-07-27T09:20:08Z,20,24.2,23.9,25.5,79.4,91.4,36.88,36.52,1
GUA029,PARROQUIA,2020-07-27T09:23:21Z,19.1,24,23.8,25.3,77.8,90.2,35.76,35.51,1
GUA029,PARROQUIA,2020-07-27T09:26:34Z,18.5,23.8,23.8,25.2,73.4,86.3,35.67,34.86,1
GUA029,PARROQUIA,2020-07-27T09:29:49Z,17.8,23.6,23.8,25.1,69.2,81.5,35.65,35.35,1
GUA029,PARROQUIA,2020-07-27T09:33:03Z,16.9,23.5,23.8,25.2,67,78.8,39.84,39.77,1
GUA029,PARROQUIA,2020-07-27T09:36:18Z,16,23.3,23.8,25.2,70.5,82.2,41.55,40.04,1
GUA029,PARROQUIA,2020-07-27T09:39:32Z,15.6,23.5,23.9,25.3,71.5,83.3,39.8,40.55,1
GUA029,PARROQUIA,2020-07-27T09:42:46Z,15.8,23.8,23.9,25.4,75.4,86.8,40.93,40.44,1
GUA029,PARROQUIA,2020-07-27T09:46:00Z,17.2,24.2,24,25.6,79.3,90.8,55.51,56.01,1
GUA029,PARROQUIA,2020-07-27T09:49:14Z,20.9,25.2,24.2,25.9,80.1,91.1,56.16,56.04,1
GUA029,PARROQUIA,2020-07-27T09:52:28Z,20.3,25,24,25.7,80.5,91.3,55.04,55.24,1
GUA029,PARROQUIA,2020-07-27T09:55:42Z,20.2,24.3,23.9,25.7,80.5,91.5,56.13,55.46,1
GUA029,PARROQUIA,2020-07-27T09:58:56Z,19.9,24.3,23.9,25.6,80,91.6,36.76,35.86,1
GUA029,PARROQUIA,2020-07-27T10:02:10Z,18.9,23.9,23.7,25.2,77,89.4,36.56,36.92,1
GUA029,PARROQUIA,2020-07-27T10:05:25Z,18.6,23.9,23.8,25.2,69.1,81.4,35.89,36.17,1
GUA029,PARROQUIA,2020-07-27T10:08:39Z,16.9,23.5,23.8,25.1,66.9,79.1,43.81,42.04,1
GUA029,PARROQUIA,2020-07-27T10:11:53Z,16.1,23.4,23.9,25.2,68.1,80.1,41.08,40.17,1
GUA029,PARROQUIA,2020-07-27T10:15:08Z,15.7,23.4,23.8,25.3,69.3,81,41.28,41.73,1
GUA029,PARROQUIA,2020-07-27T10:18:21Z,15.6,23.5,23.9,25.3,70.8,82.5,40.42,39.46,1
GUA029,PARROQUIA,2020-07-27T10:21:34Z,15.9,23.8,23.9,25.4,80,90.4,57.12,55.15,1
GUA029,PARROQUIA,2020-07-27T10:24:47Z,18.9,24.8,24.2,25.9,79.4,90.5,55.66,55.76,1
GUA029,PARROQUIA,2020-07-27T10:28:01Z,20.6,25.3,24.2,25.9,80.1,90.9,56.43,55.77,1
GUA029,PARROQUIA,2020-07-27T10:31:15Z,20.6,24.8,24.1,25.8,80.3,91.3,56.49,56.58,1
GUA029,PARROQUIA,2020-07-27T10:34:29Z,20.5,24.9,24.1,25.7,80.3,91.6,57.59,55.23,1
GUA029,PARROQUIA,2020-07-27T10:37:42Z,19.7,24.2,23.9,25.5,79.8,91.2,36.23,34.79,1
GUA029,PARROQUIA,2020-07-27T10:40:56Z,18.7,24,23.8,25.2,73.7,86.3,35.44,35.96,1
GUA029,PARROQUIA,2020-07-27T10:44:09Z,17.9,23.7,23.7,25,72.1,84.7,36.64,35.54,1
GUA029,PARROQUIA,2020-07-27T10:47:22Z,17.7,23.7,23.7,25.1,66.1,78.6,36.67,37.32,1
GUA029,PARROQUIA,2020-07-27T10:50:36Z,16.3,23.4,23.8,25.1,69.2,80.8,40.91,40.75,1
GUA029,PARROQUIA,2020-07-27T10:53:52Z,15.3,23.5,23.9,25.3,73.7,85.3,41.63,40.64,1
GUA029,PARROQUIA,2020-07-27T10:57:07Z,16.9,24,24.1,25.6,80.1,90.6,55.25,54.83,1
GUA029,PARROQUIA,2020-07-27T11:00:22Z,19,24.9,24.2,25.8,79.6,90.9,56.95,54.19,1
GUA029,PARROQUIA,2020-07-27T11:03:36Z,20.7,25.4,24.2,25.8,79.7,91.1,56.26,55.8,1
GUA029,PARROQUIA,2020-07-27T11:06:53Z,20,24.3,23.9,25.7,79.7,91.6,37.29,36.68,1
GUA029,PARROQUIA,2020-07-27T11:10:08Z,19.4,24.2,23.9,25.3,78,90.4,36.71,35.94,1
GUA029,PARROQUIA,2020-07-27T11:13:23Z,18.6,23.9,23.8,25.1,77.3,90.2,35.91,35.8,1
GUA029,PARROQUIA,2020-07-27T11:16:37Z,18.7,23.9,23.8,25.1,72.5,85.3,37.83,38.27,1
GUA029,PARROQUIA,2020-07-27T11:19:49Z,17.7,23.7,23.8,25,67.2,79.8,36.06,37.92,1
GUA029,PARROQUIA,2020-07-27T11:23:04Z,16.6,23.5,23.8,25,69,80.7,42.28,41.64,1
GUA029,PARROQUIA,2020-07-27T11:26:18Z,15.4,23.6,23.9,25.3,74.6,86.3,41.48,39.21,1
GUA029,PARROQUIA,2020-07-27T11:29:31Z,17.1,24.2,24.1,25.6,78.6,90,56.5,55.56,1
GUA029,PARROQUIA,2020-07-27T11:32:46Z,18,24.6,24.2,25.7,80.8,91.2,55.35,54.15,1
GUA029,PARROQUIA,2020-07-27T11:36:02Z,20.4,25.3,24.2,25.9,80.1,91.1,56,56.09,1
GUA029,PARROQUIA,2020-07-27T11:39:18Z,20.4,25.2,24,25.7,80.6,91.3,57.4,56.4,1
GUA029,PARROQUIA,2020-07-27T11:42:31Z,20.5,25.1,24,25.7,80.3,91.6,57.68,54.49,1
GUA029,PARROQUIA,2020-07-27T11:45:44Z,19.7,24.2,23.9,25.5,80.3,91.4,38.08,38.25,1
GUA029,PARROQUIA,2020-07-27T11:48:58Z,18.8,24,23.8,25.1,77.1,90,35.53,36.15,1
GUA029,PARROQUIA,2020-07-27T11:52:11Z,18.5,23.9,23.7,25,75.7,88.4,37.22,35.15,1
GUA029,PARROQUIA,2020-07-27T11:55:26Z,18.3,23.9,23.8,25.1,70.4,82.9,35.89,35.16,1
GUA029,PARROQUIA,2020-07-27T11:58:40Z,17.2,23.6,23.8,25,67.2,79.1,39.78,39.82,1
GUA029,PARROQUIA,2020-07-27T12:01:55Z,15.5,23.3,23.8,25.1,69.6,81.3,39.57,39.45,1
GUA029,PARROQUIA,2020-07-27T12:05:08Z,15.6,23.5,23.9,25.3,71.5,83.2,41.25,41.48,1
GUA029,PARROQUIA,2020-07-27T12:08:24Z,16,23.8,24,25.4,76.4,87.7,55.95,40.2,1
GUA029,PARROQUIA,2020-07-27T12:11:38Z,17.6,24.4,24.2,25.7,81.4,91.4,55.41,56.44,1
GUA029,PARROQUIA,2020-07-27T12:14:51Z,19.1,24.9,24.2,25.7,80.4,91.6,56.26,54.99,1
GUA029,PARROQUIA,2020-07-27T12:18:06Z,20.2,25.4,24.2,25.7,80.2,91.2,55.28,54.43,1
GUA029,PARROQUIA,2020-07-27T12:21:20Z,20.4,25.3,24,25.7,80.7,91.8,55.44,55.64,1
GUA029,PARROQUIA,2020-07-27T12:24:33Z,19.8,24.3,23.9,25.4,80.5,91.9,55.39,55.68,1
GUA029,PARROQUIA,2020-07-27T12:27:47Z,20,24.3,23.9,25.5,80.4,91.9,57.32,55.74,1
GUA029,PARROQUIA,2020-07-27T12:31:02Z,19.4,24.3,23.8,25.3,80.6,91.8,35.01,35.04,1
GUA029,PARROQUIA,2020-07-27T12:34:15Z,19,24.1,23.8,25.2,77.3,90.1,36.66,35.76,1
GUA029,PARROQUIA,2020-07-27T12:37:30Z,18.6,23.9,23.8,25,79.1,90.9,37.36,37.06,1
GUA029,PARROQUIA,2020-07-27T12:40:45Z,18.9,24,23.8,25,77.1,89.8,35.36,34.35,1
GUA029,PARROQUIA,2020-07-27T12:44:03Z,18.5,23.9,23.7,25,73.6,86.4,36.86,35.9,1
GUA029,PARROQUIA,2020-07-27T12:47:23Z,18.1,23.8,23.7,25,73.5,86,35.74,37.11,1
GUA029,PARROQUIA,2020-07-27T12:50:38Z,17.7,23.7,23.6,25,66.9,79,40.27,40.13,1
GUA029,PARROQUIA,2020-07-27T12:53:51Z,16.3,23.4,23.8,25.1,68.3,80.8,36.82,35.81,1
GUA029,PARROQUIA,2020-07-27T12:57:05Z,16.7,23.5,23.8,25.1,68.6,80.4,40.63,39.91,1
GUA029,PARROQUIA,2020-07-27T13:00:19Z,15.6,23.5,23.9,25.2,69.7,81.5,39.54,38.5,1
GUA029,PARROQUIA,2020-07-27T13:03:33Z,15.3,23.5,23.8,25.1,75.2,87.1,40.03,39.34,1
GUA029,PARROQUIA,2020-07-27T13:06:47Z,17,24.2,24.1,25.5,78.5,90,42.39,41.85,1
GUA029,PARROQUIA,2020-07-27T13:10:02Z,17.9,24.5,24.1,25.7,78.2,90,54.92,54.36,1
GUA029,PARROQUIA,2020-07-27T13:13:17Z,17.9,24.4,24.1,25.6,81.3,91.3,57.81,57.82,1
GUA029,PARROQUIA,2020-07-27T13:16:32Z,18.8,24.8,24.2,25.7,82.3,91.9,56.14,55.45,1
GUA029,PARROQUIA,2020-07-27T13:19:46Z,19.7,25.1,24.2,25.8,80.6,91.7,56.73,55.58,1
GUA029,PARROQUIA,2020-07-27T13:23:01Z,19.4,25.2,24.1,25.6,81.8,91.8,55.2,54.37,1
GUA029,PARROQUIA,2020-07-27T13:26:17Z,19.5,25,24.1,25.6,80.1,90.9,54.03,54.91,1
GUA029,PARROQUIA,2020-07-27T13:29:31Z,20.5,25.3,24,25.7,80.6,91.5,55.11,54.19,1
GUA029,PARROQUIA,2020-07-27T13:32:45Z,20.2,25.2,24,25.6,80.6,91.4,55.92,53.87,1
GUA029,PARROQUIA,2020-07-27T13:35:59Z,20.3,25.2,24,25.6,80.6,91.3,55.59,54.72,1
GUA029,PARROQUIA,2020-07-27T13:39:13Z,20.4,25.3,24,25.6,82.2,94.7,59.23,58.62,1
GUA029,PARROQUIA,2020-07-27T13:42:26Z,19.6,24.8,24.3,24.7,57,74.5,57.23,57.42,-1
GUA029,PARROQUIA,2020-07-27T13:45:39Z,10.8,20.4,24,21.3,54.7,75.4,58.04,58.4,-1
GUA029,PARROQUIA,2020-07-27T13:48:53Z,9.5,20.1,23.4,19.6,53.4,76.7,58.43,59.82,-1
GUA029,PARROQUIA,2020-07-27T13:52:09Z,9,19.6,23.2,18.6,52.7,76.9,60.35,58.77,-1
GUA029,PARROQUIA,2020-07-27T13:55:24Z,8.7,19.1,22.9,18.1,52.4,77.5,58.98,61.09,-1
GUA029,PARROQUIA,2020-07-27T13:58:36Z,8.2,18.7,22.6,17.5,52.5,77.9,58.64,58.96,-1
GUA029,PARROQUIA,2020-07-27T14:01:50Z,8.1,18.4,22.3,17.1,52.7,78.8,59.71,58.68,-1
GUA029,PARROQUIA,2020-07-27T14:05:03Z,8.1,18.1,22.1,16.7,52.9,79.3,59.14,58.92,-1
GUA029,PARROQUIA,2020-07-27T14:08:16Z,7.9,17.9,21.9,16.5,53,79.8,58.74,58.4,-1
GUA029,PARROQUIA,2020-07-27T14:11:29Z,7.8,17.7,21.6,16.1,53.4,80.4,58.46,58.29,-1
GUA029,PARROQUIA,2020-07-27T14:14:42Z,7.7,17.5,21.4,15.9,53.3,80.4,59.62,58.19,-1
GUA029,PARROQUIA,2020-07-27T14:17:55Z,7.5,17.3,21.2,15.7,53.5,80.8,58.3,57.81,-1
GUA029,PARROQUIA,2020-07-27T14:21:11Z,7.4,17.2,20.9,15.4,76.9,99.9,44.76,44.79,-1
GUA029,PARROQUIA,2020-07-27T14:24:28Z,16.9,20.5,21.1,17.9,65.7,90.6,59.81,59.21,-1
GUA029,PARROQUIA,2020-07-27T14:27:43Z,10.3,18.9,21.6,17.8,56.4,84.9,58.87,59.14,-1
GUA029,PARROQUIA,2020-07-27T14:30:58Z,8.1,17.7,21.4,16.3,55.2,84.2,58.44,58.37,-1
GUA029,PARROQUIA,2020-07-27T14:34:12Z,7.7,17.2,21.2,15.8,55,88.3,44.87,43.14,-1
GUA029,PARROQUIA,2020-07-27T14:37:25Z,10.1,17.7,20.9,15.7,89.7,99.9,43.86,43.96,-1
GUA029,PARROQUIA,2020-07-27T14:40:39Z,19.4,21.6,21.5,19.4,94.9,99.9,44.69,43.88,-1
GUA029,PARROQUIA,2020-07-27T14:43:55Z,21.8,23,22.4,21.5,86.8,99.9,60.57,58.92,-1
GUA029,PARROQUIA,2020-07-27T14:47:12Z,15.3,21.7,23.1,21.2,62.8,90.5,58.56,58.04,-1
GUA029,PARROQUIA,2020-07-27T14:50:28Z,10.4,19.7,22.9,19,55.8,86.3,59.52,58.01,-1
GUA029,PARROQUIA,2020-07-27T14:53:41Z,8.5,18.5,22.5,17.5,54,85.8,57.22,58.06,-1
GUA029,PARROQUIA,2020-07-27T14:56:55Z,7.8,17.8,22,16.6,53.7,85.4,59.2,56.91,-1
GUA029,PARROQUIA,2020-07-27T15:00:08Z,7.4,17.4,21.5,16,53.8,86.8,45.05,44.54,-1
GUA029,PARROQUIA,2020-07-27T15:03:24Z,8.7,17.3,21.1,15.7,90.3,99.9,43.18,43.06,-1
GUA029,PARROQUIA,2020-07-27T15:06:40Z,18.8,21.4,21.6,19.4,95.4,99.9,44.36,45.39,-1
GUA029,PARROQUIA,2020-07-27T15:09:54Z,21.3,22.8,22.4,21.4,96.1,99.9,45.97,44.85,-1
GUA029,PARROQUIA,2020-07-27T15:13:08Z,19.4,23,23.1,22.3,94.3,99.9,59.73,59.28,-1
GUA029,PARROQUIA,2020-07-27T15:16:23Z,21,23.6,23.4,22.5,90.6,99.9,46.01,43.8,-1
GUA029,PARROQUIA,2020-07-27T15:19:38Z,20.1,23.2,23.5,22,81.5,99.9,44.85,44.29,-1
GUA029,PARROQUIA,2020-07-27T15:22:52Z,18.3,22.6,23.7,21.7,79,97.7,56.66,56.39,-1
GUA029,PARROQUIA,2020-07-27T15:26:07Z,14.2,21.8,23.9,21.7,60.7,89,57.47,57.02,-1
GUA029,PARROQUIA,2020-07-27T15:29:20Z,10,19.7,23.5,19.5,55.8,86,57.39,57.23,-1
GUA029,PARROQUIA,2020-07-27T15:32:33Z,8.3,18.7,22.8,17.9,55.1,85.8,58.25,57.28,-1
GUA029,PARROQUIA,2020-07-27T15:35:48Z,7.7,17.9,22.2,17,55,86,56.71,56.4,-1
GUA029,PARROQUIA,2020-07-27T15:39:01Z,7.2,17.5,21.7,16.3,76.8,99.9,45.28,44.43,-1
GUA029,PARROQUIA,2020-07-27T15:42:18Z,16.4,20.3,21.5,18.1,94.8,99.9,44.17,43.36,-1
GUA029,PARROQUIA,2020-07-27T15:45:34Z,20.6,22.3,22.2,21,96.7,99.9,37.27,34.92,-1
GUA029,PARROQUIA,2020-07-27T15:48:50Z,22,23.3,23,22.5,92.9,99.9,34.47,34.05,-1
GUA029,PARROQUIA,2020-07-27T15:52:03Z,20,23,23.1,23,86.3,99.9,34.46,33.9,-1
GUA029,PARROQUIA,2020-07-27T15:55:17Z,18.5,22.8,23.3,23.4,79.4,98.3,39.01,38.52,-1
GUA029,PARROQUIA,2020-07-27T15:58:30Z,17.2,22.9,23.5,24,80.8,98.8,39.44,38.57,-1
GUA029,PARROQUIA,2020-07-27T16:01:45Z,16.2,23.1,23.6,24.2,86.9,99.9,38.9,38.74,-1
GUA029,PARROQUIA,2020-07-27T16:04:58Z,18.1,23.8,23.7,24.5,85,99.2,51.81,51.09,-1
GUA029,PARROQUIA,2020-07-27T16:08:12Z,20.1,24,23.6,24.6,84.2,98.5,52.27,51.85,-1
GUA029,PARROQUIA,2020-07-27T16:11:27Z,19.4,23.3,23.4,24.5,84.1,98.6,35.35,35.77,-1
GUA029,PARROQUIA,2020-07-27T16:14:40Z,18.8,23.2,23.3,24.4,84.1,98.1,35.37,35.51,-1
GUA029,PARROQUIA,2020-07-27T16:17:52Z,18.4,23.3,23.4,24.5,81.4,96,36.49,34.7,-1
GUA029,PARROQUIA,2020-07-27T16:21:06Z,18.3,23.4,23.6,24.7,73.2,91.4,35.78,35.51,-1
GUA029,PARROQUIA,2020-07-27T16:24:20Z,16.8,23.1,23.6,24.7,72.8,90.8,40.87,39.37,-1
GUA029,PARROQUIA,2020-07-27T16:27:33Z,15.4,23.1,23.7,24.9,77.1,92.9,40.18,40.06,-1
GUA029,PARROQUIA,2020-07-27T16:30:47Z,16.2,23.5,23.9,25.1,85,96.3,52.88,52.22,-1
GUA029,PARROQUIA,2020-07-27T16:34:00Z,18.8,24.5,24.1,25.5,82.8,95.4,53.22,53.52,-1
GUA029,PARROQUIA,2020-07-27T16:37:13Z,20.6,24.9,24.1,25.6,83,95.8,52.67,52.51,-1
GUA029,PARROQUIA,2020-07-27T16:40:28Z,20.1,24.1,23.9,25.4,82.8,95.7,53.74,52.67,-1
GUA029,PARROQUIA,2020-07-27T16:43:43Z,19.9,24,23.9,25.4,82.2,95.7,35.67,35.59,1
GUA029,PARROQUIA,2020-07-27T16:46:56Z,19,23.7,23.7,25,81.3,95.3,35.89,34.93,1
GUA029,PARROQUIA,2020-07-27T16:50:10Z,18.1,23.4,23.5,24.7,79.7,94.1,35.16,35.31,1
GUA029,PARROQUIA,2020-07-27T16:53:26Z,18.1,23.5,23.6,24.7,79.4,95.9,45.04,44.33,1
GUA029,PARROQUIA,2020-07-27T16:56:40Z,18.7,23.6,23.7,24.5,81.7,96.3,35.03,34.76,1
